from_bfguid,to_bfguid,type
c644ecb9-9fd1-41e3-94fe-05e1f84c7075,d83f3e8c-576e-4633-895c-e40b323e4a96,HAS_PROJECTS
d83f3e8c-576e-4633-895c-e40b323e4a96,4baed476-44d0-42e0-8e5d-1a03e8d720be,HAS_PROJECT
3044dc9d-53a1-4bbd-8fa5-8bcde0c4d1f9,c644ecb9-9fd1-41e3-94fe-05e1f84c7075,HAS_DEPARTMENT
c644ecb9-9fd1-41e3-94fe-05e1f84c7075,4d126093-b68e-41c0-bf4b-71654cf6736d,HAS_TOS
c644ecb9-9fd1-41e3-94fe-05e1f84c7075,535ab9a3-7350-4f35-9071-c45a5c233cbd,HAS_LABELS
c644ecb9-9fd1-41e3-94fe-05e1f84c7075,05948403-53d8-4096-a6b3-04e1eaacff90,HAS_MODELS
c644ecb9-9fd1-41e3-94fe-05e1f84c7075,db9efdd3-df47-4350-ad4d-35af2df41ea6,HAS_DOCUMENTS
c644ecb9-9fd1-41e3-94fe-05e1f84c7075,a51cddd6-70b7-4260-b63e-41aa1682619b,HAS_PROPERTIES
c644ecb9-9fd1-41e3-94fe-05e1f84c7075,bb1c55a5-4db8-4e35-a499-9395b859153e,HAS_CLASSIFICATIONSETS
c644ecb9-9fd1-41e3-94fe-05e1f84c7075,77846572-6db9-4c1a-b4ec-94d2553c8c86,HAS_EXPORTS
c644ecb9-9fd1-41e3-94fe-05e1f84c7075,aad813c3-d768-4d2a-a748-11c463043dd7,HAS_FILTERS
c644ecb9-9fd1-41e3-94fe-05e1f84c7075,1c482ff5-0cfa-4976-b934-50fee9c02228,HAS_OBJECTS
c644ecb9-9fd1-41e3-94fe-05e1f84c7075,e88e4d5a-968b-43d9-8d6d-90dbee518f52,HAS_MAPPINGS
c644ecb9-9fd1-41e3-94fe-05e1f84c7075,cba6e6a3-4d6b-4aa1-9f68-28ddf7f7da5f,HAS_REQUIREMENTS
1c482ff5-0cfa-4976-b934-50fee9c02228,5c750551-b543-440b-9127-b71e20c8792c,HAS_OBJECTSET
1c482ff5-0cfa-4976-b934-50fee9c02228,61982879-79b2-4af3-8207-7b073ea3a6eb,HAS_PROPERTY
5c750551-b543-440b-9127-b71e20c8792c,909859a8-f89f-4d29-81e0-149194d37117,HAS_OBJECTTEMPLATE
909859a8-f89f-4d29-81e0-149194d37117,5809173a-becf-4845-a1f7-5ceb0bd1e3a3,HAS_PROPERTY
5809173a-becf-4845-a1f7-5ceb0bd1e3a3,5ee0a49b-771b-4602-be88-9da81cc15cb4,HAS_VALUE
61982879-79b2-4af3-8207-7b073ea3a6eb,a7a2d366-2b3c-4484-bec4-19957f61903d,HAS_VALUE
cba6e6a3-4d6b-4aa1-9f68-28ddf7f7da5f,5bd98298-0b72-42b6-8457-04aeb4a204ee,HAS_REQUIREMENTSET
5bd98298-0b72-42b6-8457-04aeb4a204ee,8759dc13-fd44-44f6-9997-24ac926a259a,HAS_REQUIREMENTTEMPLATE
8759dc13-fd44-44f6-9997-24ac926a259a,17f2db6b-7bde-4557-b6ba-ed89f16209f7,HAS_OBJECT
17f2db6b-7bde-4557-b6ba-ed89f16209f7,8efc8227-59e6-4c37-a51a-427ef0525344,HAS_PROPERTY
535ab9a3-7350-4f35-9071-c45a5c233cbd,373413f6-6c13-40ed-8713-6bb25723ae3b,HAS_LABELSET
535ab9a3-7350-4f35-9071-c45a5c233cbd,b9860ba7-c183-43dd-8c8c-021596287a25,HAS_LABELSET
b9860ba7-c183-43dd-8c8c-021596287a25,8af98e1d-5a51-48f4-86f4-988d93df65e0,HAS_LABELTEMPLATE
b9860ba7-c183-43dd-8c8c-021596287a25,ed2d0ef5-fb76-4644-9545-dc9f2b084170,HAS_LABELTEMPLATE
b9860ba7-c183-43dd-8c8c-021596287a25,2bec4fa9-52e5-487b-bde3-01f0c30f1eb5,HAS_LABELTEMPLATE
373413f6-6c13-40ed-8713-6bb25723ae3b,c12fbc9e-781d-4618-abf5-6cc2086541b3,HAS_LABELTEMPLATE
77846572-6db9-4c1a-b4ec-94d2553c8c86,16552dc0-bb00-4148-92e4-10cb0a90d776,HAS_EXPORTSET
16552dc0-bb00-4148-92e4-10cb0a90d776,b9b08374-e81f-4136-b9df-03c33a9f3798,HAS_EXPORTTEMPLATE
16552dc0-bb00-4148-92e4-10cb0a90d776,0e9cd64d-45ed-4fcb-8134-a6241ddb666c,HAS_EXPORTTEMPLATE
16552dc0-bb00-4148-92e4-10cb0a90d776,bb976e92-f0db-4532-9ca8-8a22ea0c7d8e,HAS_EXPORTTEMPLATE
b9b08374-e81f-4136-b9df-03c33a9f3798,e18b6538-e2f8-4d71-b059-228391da63aa,HAS_PROPERTY
b9b08374-e81f-4136-b9df-03c33a9f3798,01b63c0c-cf90-4e04-8f9c-27746b71cfb1,HAS_PROPERTY
b9b08374-e81f-4136-b9df-03c33a9f3798,0f38773a-8ffa-4b99-8669-79dd60c0bd66,HAS_PROPERTY
b9b08374-e81f-4136-b9df-03c33a9f3798,d4003ee8-ed5f-482c-8f3b-8a8057785176,HAS_PROPERTY
b9b08374-e81f-4136-b9df-03c33a9f3798,24928d61-9328-46fe-a90f-82ebdc1036b9,HAS_PROPERTY
b9b08374-e81f-4136-b9df-03c33a9f3798,14811a24-da09-4dc5-a024-1edc2e77d37c,HAS_PROPERTY
b9b08374-e81f-4136-b9df-03c33a9f3798,2868b260-1db8-4611-ade7-bcbbd89dd475,HAS_PROPERTY
b9b08374-e81f-4136-b9df-03c33a9f3798,98ac488c-656c-4a2b-ad16-b88a3d88412a,HAS_PROPERTY
e18b6538-e2f8-4d71-b059-228391da63aa,7046ce8c-334b-4cc8-9ea0-b8028264c286,HAS_VALUE
24928d61-9328-46fe-a90f-82ebdc1036b9,e672f32b-83de-41ab-b733-a1048bd4a7c0,HAS_VALUE
01b63c0c-cf90-4e04-8f9c-27746b71cfb1,7454ca73-04b1-4bbf-9707-4643c0596383,HAS_VALUE
d4003ee8-ed5f-482c-8f3b-8a8057785176,1389cfac-90f3-4676-bf86-95052ad069e9,HAS_VALUE
2868b260-1db8-4611-ade7-bcbbd89dd475,6e406b8a-5508-4c0e-b1a4-9e42f5d083fa,HAS_VALUE
98ac488c-656c-4a2b-ad16-b88a3d88412a,1b6e5032-b72a-4861-a05e-8cd890e4beb1,HAS_VALUE
14811a24-da09-4dc5-a024-1edc2e77d37c,b1036122-8999-4003-b5a2-a2f180f8dbbf,HAS_VALUE
0f38773a-8ffa-4b99-8669-79dd60c0bd66,2d0694ce-995e-4e52-8e84-bf0380fad93a,HAS_VALUE
0e9cd64d-45ed-4fcb-8134-a6241ddb666c,ed5a1c21-f668-4a1e-87f0-843d1e3d5e5a,HAS_PROPERTY
0e9cd64d-45ed-4fcb-8134-a6241ddb666c,25de7fcf-211d-465c-ac46-ab56fc955ccf,HAS_PROPERTY
0e9cd64d-45ed-4fcb-8134-a6241ddb666c,1bb27fff-1e3f-4f6e-a49a-af7762dc8d40,HAS_PROPERTY
0e9cd64d-45ed-4fcb-8134-a6241ddb666c,bf2c1aca-a802-497b-94b4-f04b19266c89,HAS_PROPERTY
0e9cd64d-45ed-4fcb-8134-a6241ddb666c,3e7d118b-ce76-4bd2-8d18-1a2f96597f10,HAS_PROPERTY
0e9cd64d-45ed-4fcb-8134-a6241ddb666c,3fa05bbf-bf81-4761-8ebc-33b53475c7c8,HAS_PROPERTY
1bb27fff-1e3f-4f6e-a49a-af7762dc8d40,b352790e-74f1-4cbe-8948-38419733c258,HAS_VALUE
3fa05bbf-bf81-4761-8ebc-33b53475c7c8,e853bda6-fa46-4c0b-8fa5-2596bd212085,HAS_VALUE
25de7fcf-211d-465c-ac46-ab56fc955ccf,39d27dde-d0e3-4193-af17-f6a8b19c7467,HAS_VALUE
ed5a1c21-f668-4a1e-87f0-843d1e3d5e5a,aa3392a9-b6f5-46ea-9799-2767376aa0c1,HAS_VALUE
3e7d118b-ce76-4bd2-8d18-1a2f96597f10,35299a10-cc52-4158-8aad-8f5f6ffcb12b,HAS_VALUE
bf2c1aca-a802-497b-94b4-f04b19266c89,72df00b8-f12a-4c8d-ba5b-7181226a01db,HAS_VALUE
bb976e92-f0db-4532-9ca8-8a22ea0c7d8e,7895dd69-9085-4822-9118-70bc037ea44d,HAS_PROPERTY
bb976e92-f0db-4532-9ca8-8a22ea0c7d8e,48612caf-470e-49ef-b206-a298992f507b,HAS_PROPERTY
bb976e92-f0db-4532-9ca8-8a22ea0c7d8e,a83c74d0-f2fb-434e-94a8-634c06dc971d,HAS_PROPERTY
bb976e92-f0db-4532-9ca8-8a22ea0c7d8e,4d6b18d9-1634-40e6-803d-5d8b5bb1526e,HAS_PROPERTY
bb976e92-f0db-4532-9ca8-8a22ea0c7d8e,56b18a5e-c42c-48ca-b29a-f2e2c047b44e,HAS_PROPERTY
bb976e92-f0db-4532-9ca8-8a22ea0c7d8e,2f6bdfe5-c3e1-4f8b-8500-547a983c1b10,HAS_PROPERTY
bb976e92-f0db-4532-9ca8-8a22ea0c7d8e,3fdb7f79-3e72-413b-882a-df862b48785c,HAS_PROPERTY
bb976e92-f0db-4532-9ca8-8a22ea0c7d8e,ee713063-b320-4007-ab18-72bde7f6ace9,HAS_PROPERTY
4d6b18d9-1634-40e6-803d-5d8b5bb1526e,2c216ab2-6375-45a0-8758-b4b8bafec019,HAS_VALUE
7895dd69-9085-4822-9118-70bc037ea44d,35a8bbfa-fe6f-4ffc-926a-e3f0c946be51,HAS_VALUE
a83c74d0-f2fb-434e-94a8-634c06dc971d,63a23911-0066-4967-8c8a-219e6eec5e17,HAS_VALUE
56b18a5e-c42c-48ca-b29a-f2e2c047b44e,5d65b7e6-945c-4672-a04f-a025d6e6e731,HAS_VALUE
ee713063-b320-4007-ab18-72bde7f6ace9,80a00eaa-569c-4378-94de-ebc6f16edf6c,HAS_VALUE
3fdb7f79-3e72-413b-882a-df862b48785c,9d0eac79-0082-491b-abd1-bc9730089942,HAS_VALUE
2f6bdfe5-c3e1-4f8b-8500-547a983c1b10,1053ef10-5185-4c0e-a91d-84ee153c11cb,HAS_VALUE
48612caf-470e-49ef-b206-a298992f507b,3e4a7abc-c2eb-4bf0-b911-07d275972baa,HAS_VALUE
bb1c55a5-4db8-4e35-a499-9395b859153e,a589b63d-8208-44e0-beb4-d73972570638,HAS_CLASSIFICATIONSETSET
db9efdd3-df47-4350-ad4d-35af2df41ea6,b852f509-94bc-4d96-855a-9ef2269d343b,HAS_DOCUMENTSET
b852f509-94bc-4d96-855a-9ef2269d343b,04fc05d7-a8b6-4bc6-8b2c-0b7cf848f008,HAS_DOCUMENTTEMPLATE
b852f509-94bc-4d96-855a-9ef2269d343b,3bb172e8-afb2-4365-96c9-323f2126935d,HAS_DOCUMENTTEMPLATE
3bb172e8-afb2-4365-96c9-323f2126935d,4779a215-4b34-4b28-8422-1199194b4b6f,HAS_PROPERTY
3bb172e8-afb2-4365-96c9-323f2126935d,eed51e6a-231e-42b8-87b5-2a727dd26d27,HAS_PROPERTY
3bb172e8-afb2-4365-96c9-323f2126935d,961ff416-3c66-4de3-9f43-7daf5b4c70b6,HAS_PROPERTY
3bb172e8-afb2-4365-96c9-323f2126935d,07618af2-3b30-4562-ba8c-0478448f8849,HAS_PROPERTY
04fc05d7-a8b6-4bc6-8b2c-0b7cf848f008,45e050ca-b839-4981-ae8d-ec2048f2a479,HAS_PROPERTY
04fc05d7-a8b6-4bc6-8b2c-0b7cf848f008,9a5ad114-460f-459e-ae26-46a0ac7a502c,HAS_PROPERTY
eed51e6a-231e-42b8-87b5-2a727dd26d27,d3345916-e8c7-48e5-8d28-0165bdc9207d,HAS_VALUE
07618af2-3b30-4562-ba8c-0478448f8849,becf41e2-a4cd-45d5-8b37-02d358f49758,HAS_VALUE
4779a215-4b34-4b28-8422-1199194b4b6f,ef801398-2149-4406-9c44-82dbfe3d7bac,HAS_VALUE
961ff416-3c66-4de3-9f43-7daf5b4c70b6,14ffa587-f1a7-4cc6-9640-95cc7c890ee6,HAS_VALUE
9a5ad114-460f-459e-ae26-46a0ac7a502c,6c5f26da-d7ee-48fb-a35c-5d5ac18af5cd,HAS_VALUE
45e050ca-b839-4981-ae8d-ec2048f2a479,bbd32e55-00f9-4ff2-a1f2-7b36621cdf42,HAS_VALUE
05948403-53d8-4096-a6b3-04e1eaacff90,3ee4cf50-a955-402a-888f-de48de0416f1,HAS_MODELSET
3ee4cf50-a955-402a-888f-de48de0416f1,75744f02-2e77-4029-a26f-97ceb944e211,HAS_MODELTEMPLATE
3ee4cf50-a955-402a-888f-de48de0416f1,dd8cfad0-a7d3-4300-b285-3c3780373b85,HAS_MODELTEMPLATE
75744f02-2e77-4029-a26f-97ceb944e211,fdf48235-8459-4d46-b2bd-d0e11e6aadcd,HAS_PROPERTY
75744f02-2e77-4029-a26f-97ceb944e211,17488ac9-059e-4155-bae5-77be40e8218b,HAS_PROPERTY
17488ac9-059e-4155-bae5-77be40e8218b,ae06496c-728c-42a6-985b-92d5ae7f6205,HAS_VALUE
fdf48235-8459-4d46-b2bd-d0e11e6aadcd,5ea2ba65-c493-45c6-9fd4-ed2032d582d8,HAS_VALUE
dd8cfad0-a7d3-4300-b285-3c3780373b85,67d9c003-7b83-420e-91ae-59f5ba6662cf,HAS_PROPERTY
dd8cfad0-a7d3-4300-b285-3c3780373b85,81179be5-84c3-46f2-baf9-79c7aaee0732,HAS_PROPERTY
67d9c003-7b83-420e-91ae-59f5ba6662cf,ef533ade-d496-4db0-9f19-914666884bb8,HAS_VALUE
81179be5-84c3-46f2-baf9-79c7aaee0732,4ff5f71f-6fb7-4030-8e1a-b921acb8a386,HAS_VALUE
a51cddd6-70b7-4260-b63e-41aa1682619b,e97dc440-c487-4593-9be1-730f0d760f15,HAS_PROPERTYSET
aad813c3-d768-4d2a-a748-11c463043dd7,e344c274-ea89-4f03-ac46-a36ff02fad70,HAS_FILTERSET
aad813c3-d768-4d2a-a748-11c463043dd7,d4410701-ae72-444e-bd40-88b50986779d,HAS_FILTERSET
d4410701-ae72-444e-bd40-88b50986779d,96be8025-5527-4f40-ad21-e9605abcb8da,HAS_FILTERTEMPLATE
96be8025-5527-4f40-ad21-e9605abcb8da,7c9a099d-7a70-4936-b379-4b1ed566ec9f,HAS_PROPERTY
7c9a099d-7a70-4936-b379-4b1ed566ec9f,70eef8a1-7a4a-485d-ac15-aab4269467ca,HAS_VALUE
e344c274-ea89-4f03-ac46-a36ff02fad70,179afdfc-9827-4980-a261-c85464f7cff9,HAS_FILTERTEMPLATE
e344c274-ea89-4f03-ac46-a36ff02fad70,62c8bbcf-282c-4a46-bd0b-a9e511883ba4,HAS_FILTERTEMPLATE
e344c274-ea89-4f03-ac46-a36ff02fad70,58d1c86d-9245-495d-a37d-200a03c533ad,HAS_FILTERTEMPLATE
e344c274-ea89-4f03-ac46-a36ff02fad70,22dc66f4-4195-491a-a9ba-8e64b2f7ac4e,HAS_FILTERTEMPLATE
e344c274-ea89-4f03-ac46-a36ff02fad70,81e43fe6-28d0-4df5-8838-f8558c6d4815,HAS_FILTERTEMPLATE
e344c274-ea89-4f03-ac46-a36ff02fad70,3e4442bd-3d0f-4998-9f1f-6e39b9a2c9f7,HAS_FILTERTEMPLATE
179afdfc-9827-4980-a261-c85464f7cff9,94b0976f-6a2f-4910-b59b-f96354f2b019,HAS_PROPERTY
94b0976f-6a2f-4910-b59b-f96354f2b019,ac4068e0-6b55-4397-b31f-36daf62b8de8,HAS_VALUE
22dc66f4-4195-491a-a9ba-8e64b2f7ac4e,476af690-730d-4d61-b2b8-6ef8ccfcf898,HAS_PROPERTY
476af690-730d-4d61-b2b8-6ef8ccfcf898,37593025-81cd-464f-b14a-92e98679e93c,HAS_VALUE
3e4442bd-3d0f-4998-9f1f-6e39b9a2c9f7,4bf35729-f3a5-4780-a103-1946f3039b8d,HAS_PROPERTY
4bf35729-f3a5-4780-a103-1946f3039b8d,963a08a9-330b-45d4-bbe2-499520bb9047,HAS_VALUE
62c8bbcf-282c-4a46-bd0b-a9e511883ba4,822f4884-318a-41d7-b107-3d105cf7c5df,HAS_PROPERTY
822f4884-318a-41d7-b107-3d105cf7c5df,5ecbc865-aa9d-4344-a2b5-6ab82eee363a,HAS_VALUE
58d1c86d-9245-495d-a37d-200a03c533ad,9f61479f-6665-4c39-8d58-2b926a85c030,HAS_PROPERTY
9f61479f-6665-4c39-8d58-2b926a85c030,b6511f5f-8347-47c3-8b85-fd58773bcb93,HAS_VALUE
81e43fe6-28d0-4df5-8838-f8558c6d4815,f2bc62a0-96b8-423e-8ed2-9eaa055ae6dd,HAS_PROPERTY
f2bc62a0-96b8-423e-8ed2-9eaa055ae6dd,27d63f15-1327-423b-8f39-f4ee7d05a1b4,HAS_VALUE
4d126093-b68e-41c0-bf4b-71654cf6736d,5a01c16a-6d0a-4693-a5a1-10366182c287,HAS_TOSET
5a01c16a-6d0a-4693-a5a1-10366182c287,30028e2e-9ecc-43f9-a762-17072f7c8db5,HAS_TOTEMPLATE
5a01c16a-6d0a-4693-a5a1-10366182c287,7f66e89b-9674-4cc9-98b0-268ab6493553,HAS_TOTEMPLATE
4baed476-44d0-42e0-8e5d-1a03e8d720be,3d0bdffe-33c5-4b7c-9757-d9d84ccfe0e6,HAS_IMAGE
4baed476-44d0-42e0-8e5d-1a03e8d720be,38de937b-d667-4488-8569-c3ec7bb78741,HAS_PROPERTY
4baed476-44d0-42e0-8e5d-1a03e8d720be,32badbe4-a557-432b-ad79-665b364365a4,HAS_DOCUMENTS
4baed476-44d0-42e0-8e5d-1a03e8d720be,a8d9dd15-9903-435f-9189-cce5a249c52d,HAS_TOS
4baed476-44d0-42e0-8e5d-1a03e8d720be,5c2baf09-2850-47ec-a8f0-067a673abb66,HAS_REQUIREMENTS
4baed476-44d0-42e0-8e5d-1a03e8d720be,a509e338-5f15-42dc-8b28-d6cb9ed46924,HAS_MODELS
4baed476-44d0-42e0-8e5d-1a03e8d720be,0f120715-4509-4a9c-9f1d-37a44f624ae1,HAS_USERS
4baed476-44d0-42e0-8e5d-1a03e8d720be,0feb39f5-9ccf-4866-9f03-7b621f185de7,HAS_PROPERTY
4baed476-44d0-42e0-8e5d-1a03e8d720be,fb5cea85-7f5f-49ea-b254-f1d374773ef0,HAS_PROPERTY
4baed476-44d0-42e0-8e5d-1a03e8d720be,ef29befb-1419-45cd-93eb-a63f860888b0,HAS_FILTERS
4baed476-44d0-42e0-8e5d-1a03e8d720be,8d197935-d371-420d-877d-0084ece77d30,HAS_OBJECTS
4baed476-44d0-42e0-8e5d-1a03e8d720be,9e3c9712-09e4-411a-9b80-3de481dc0a29,HAS_LABELS
4baed476-44d0-42e0-8e5d-1a03e8d720be,8f632123-0a99-4eda-bc9d-368236320c57,HAS_PROPERTY
4baed476-44d0-42e0-8e5d-1a03e8d720be,89c7b96c-8055-4e59-b800-816119e8fe7d,HAS_PROPERTIES
4baed476-44d0-42e0-8e5d-1a03e8d720be,089e9024-994a-4136-bcda-77da7e7ae938,HAS_PROPERTY
4baed476-44d0-42e0-8e5d-1a03e8d720be,e3095443-4e6d-4161-a50a-37b71a87d340,HAS_PROPERTY
4baed476-44d0-42e0-8e5d-1a03e8d720be,155d4428-0341-4ccb-a080-4dc110c98ead,HAS_MAPPINGS
4baed476-44d0-42e0-8e5d-1a03e8d720be,44285aac-6977-4d2c-9d1a-4fa1510b8752,HAS_EXPORTS
e88e4d5a-968b-43d9-8d6d-90dbee518f52,49f2432d-fcba-431c-9672-3d540c8baf49,HAS_MAPPINGSET
49f2432d-fcba-431c-9672-3d540c8baf49,b17a0147-6ead-4369-b5ca-1516129d4ea8,HAS_MAPPINGSET
49f2432d-fcba-431c-9672-3d540c8baf49,c1397236-40af-4850-b01e-39bf23d25774,HAS_MAPPINGSET
49f2432d-fcba-431c-9672-3d540c8baf49,5ffc0686-85ba-4eb0-b904-e68e6076809e,HAS_MAPPINGSET
b17a0147-6ead-4369-b5ca-1516129d4ea8,f4006b52-d298-408d-ae7c-98319e1544da,HAS_MAPPINGTEMPLATE
b17a0147-6ead-4369-b5ca-1516129d4ea8,a517dbdd-cbd3-4f48-9838-5ecf52254105,HAS_MAPPINGTEMPLATE
b17a0147-6ead-4369-b5ca-1516129d4ea8,7cb497d2-9fc0-4115-b467-efd39ed399c7,HAS_MAPPINGTEMPLATE
b17a0147-6ead-4369-b5ca-1516129d4ea8,b221a4d9-cdc7-4308-87d9-e1545983b3b9,HAS_MAPPINGTEMPLATE
b17a0147-6ead-4369-b5ca-1516129d4ea8,a7871531-bba3-4673-a841-5cd27a314dd8,HAS_MAPPINGTEMPLATE
b17a0147-6ead-4369-b5ca-1516129d4ea8,6949056f-1846-42e0-b73a-c7ff76a0d0b7,HAS_MAPPINGTEMPLATE
b17a0147-6ead-4369-b5ca-1516129d4ea8,7cf13ec9-a627-41af-9d5b-a0405d780535,HAS_MAPPINGTEMPLATE
c1397236-40af-4850-b01e-39bf23d25774,6f399f18-9b03-44ee-aee2-2d0803de1e3d,HAS_MAPPINGTEMPLATE
5ffc0686-85ba-4eb0-b904-e68e6076809e,3f79d834-238a-4a3c-91f7-e85b4faed14a,HAS_MAPPINGTEMPLATE
a517dbdd-cbd3-4f48-9838-5ecf52254105,38d93a29-d5a1-43cf-ae40-63b810bfeabc,HAS_FILTER
38d93a29-d5a1-43cf-ae40-63b810bfeabc,06862c93-cf0c-4f75-9d62-b1b301217102,HAS_PROPERTY
06862c93-cf0c-4f75-9d62-b1b301217102,d928a033-7030-4b9f-b938-ce384a936d79,HAS_VALUE
6949056f-1846-42e0-b73a-c7ff76a0d0b7,b0618f75-e821-4093-9550-615d1c4f79dc,HAS_FILTER
b0618f75-e821-4093-9550-615d1c4f79dc,76e43469-fb98-48e6-be71-5dca39501ff3,HAS_PROPERTY
7cb497d2-9fc0-4115-b467-efd39ed399c7,96ac1649-dcbd-4ea8-9c5f-6013471fb7d1,HAS_FILTER
b221a4d9-cdc7-4308-87d9-e1545983b3b9,dd181483-e710-43cb-a869-dab6622001e9,HAS_FILTER
a7871531-bba3-4673-a841-5cd27a314dd8,a9763b8a-ff22-4902-ae46-43a1e30b6a90,HAS_FILTER
7cf13ec9-a627-41af-9d5b-a0405d780535,be730d60-7c27-4c90-823a-88fa077de591,HAS_FILTER
f4006b52-d298-408d-ae7c-98319e1544da,33dfadc3-aaf9-4cf4-852f-47296f7f9a57,HAS_FILTER
dd181483-e710-43cb-a869-dab6622001e9,40009bff-010c-439a-94f1-757723afdf4d,HAS_PROPERTY
96ac1649-dcbd-4ea8-9c5f-6013471fb7d1,b8d83018-b0a4-4e0f-8b3f-8e9137039ce4,HAS_PROPERTY
a9763b8a-ff22-4902-ae46-43a1e30b6a90,9bd6e4fb-e65e-4ecf-be36-32940a6c464a,HAS_PROPERTY
be730d60-7c27-4c90-823a-88fa077de591,dcfa39f8-8660-4bf5-bd7a-52fc1cc92e5d,HAS_PROPERTY
33dfadc3-aaf9-4cf4-852f-47296f7f9a57,7da1869b-c54e-48a2-bbec-eff9a31c5452,HAS_PROPERTY
76e43469-fb98-48e6-be71-5dca39501ff3,1de9d8c2-0552-4681-bf07-ad2e5e89b40e,HAS_VALUE
40009bff-010c-439a-94f1-757723afdf4d,ced7aee6-fadc-4967-b52b-00e26933dfd0,HAS_VALUE
b8d83018-b0a4-4e0f-8b3f-8e9137039ce4,96eb5043-c676-4870-8a7f-8c2442a5b1c8,HAS_VALUE
9bd6e4fb-e65e-4ecf-be36-32940a6c464a,5443d171-1a08-4e8f-9e30-9c66a147f4e0,HAS_VALUE
dcfa39f8-8660-4bf5-bd7a-52fc1cc92e5d,dc270315-7554-450c-bccf-60481ec6d102,HAS_VALUE
7da1869b-c54e-48a2-bbec-eff9a31c5452,89b7b133-d0ec-43b4-bbcd-1c37311ac5f2,HAS_VALUE
6f399f18-9b03-44ee-aee2-2d0803de1e3d,fc569109-714e-4b21-a820-9d829b4bc196,HAS_FILTER
3f79d834-238a-4a3c-91f7-e85b4faed14a,602328e6-6ae2-493c-87a7-7cad5facdd4c,HAS_FILTER
602328e6-6ae2-493c-87a7-7cad5facdd4c,9f3a973a-7c92-49d7-96dc-12415d4c2e66,HAS_PROPERTY
9f3a973a-7c92-49d7-96dc-12415d4c2e66,032ab5cd-d360-486e-affc-6b4d47dd7fc7,HAS_VALUE
fc569109-714e-4b21-a820-9d829b4bc196,65c335f4-7c64-4fbc-8c09-276a3433a02a,HAS_PROPERTY
65c335f4-7c64-4fbc-8c09-276a3433a02a,2237b638-3466-4ea5-900a-95970ea39538,HAS_VALUE
bb1c55a5-4db8-4e35-a499-9395b859153e,a78479d2-4310-472b-95ea-3be8c028500a,HAS_CLASSIFICATIONSETSET
bb1c55a5-4db8-4e35-a499-9395b859153e,1018ccf8-4fb7-4f50-a15b-7f5d01869219,HAS_CLASSIFICATIONSETSET
a589b63d-8208-44e0-beb4-d73972570638,91072bab-0fa1-4d04-ab8b-d194beb84c5f,HAS_CLASSIFICATIONSETTEMPLATE
91072bab-0fa1-4d04-ab8b-d194beb84c5f,dc315bb8-b9f4-4423-8d95-954f917ea984,HAS_MAPPING
91072bab-0fa1-4d04-ab8b-d194beb84c5f,a47ab217-9c18-4d66-8408-bd6e34ef7120,HAS_PROPERTY
91072bab-0fa1-4d04-ab8b-d194beb84c5f,487a150f-9e68-4b86-9788-be20086eedb5,HAS_MANUALOVERRIDE
91072bab-0fa1-4d04-ab8b-d194beb84c5f,71dd0df0-9c61-444c-912a-369fc2c09aaa,HAS_LABEL
dc315bb8-b9f4-4423-8d95-954f917ea984,f440ae01-15ed-4375-b875-7c8295748353,HAS_FILTER
f440ae01-15ed-4375-b875-7c8295748353,0f0a1186-c862-4023-ac45-c196688ca5fe,HAS_PROPERTY
a78479d2-4310-472b-95ea-3be8c028500a,135b0c5c-b9d7-41fd-bcf8-621e196fb6d7,HAS_CLASSIFICATIONSETTEMPLATE
1018ccf8-4fb7-4f50-a15b-7f5d01869219,e8bafa73-974d-448e-8820-34f498977105,HAS_CLASSIFICATIONSETTEMPLATE
e8bafa73-974d-448e-8820-34f498977105,53099296-9dd6-4768-b375-0fd43cca8deb,HAS_PROPERTY
e8bafa73-974d-448e-8820-34f498977105,231c9070-accd-4eb7-a3d5-52dc905754eb,HAS_PROPERTY
e8bafa73-974d-448e-8820-34f498977105,29e829ad-a15f-45b6-8242-a77633dc213a,HAS_MANUALOVERRIDE
e8bafa73-974d-448e-8820-34f498977105,be2d3c13-72c3-46b0-98b0-0ab63279042d,HAS_MAPPING
53099296-9dd6-4768-b375-0fd43cca8deb,615ffc26-20ea-47c9-8750-3c68438fd9de,HAS_VALUE
231c9070-accd-4eb7-a3d5-52dc905754eb,10c17a65-7182-46c5-be05-1bc084765380,HAS_VALUE
135b0c5c-b9d7-41fd-bcf8-621e196fb6d7,eb252562-9ec7-4a28-a3e4-b02eea38413d,HAS_MANUALOVERRIDE
135b0c5c-b9d7-41fd-bcf8-621e196fb6d7,5425780b-9de1-4e75-9709-6bb32124fc8f,HAS_MAPPING
135b0c5c-b9d7-41fd-bcf8-621e196fb6d7,5f49d10e-d132-4b10-8c7f-bba8734a3bf1,HAS_LABEL
135b0c5c-b9d7-41fd-bcf8-621e196fb6d7,e8b043a1-ee58-4812-86e4-3863df9420e2,HAS_PROPERTY
e8b043a1-ee58-4812-86e4-3863df9420e2,f65f6959-523d-4b52-9b64-87481948ca2e,HAS_VALUE
5425780b-9de1-4e75-9709-6bb32124fc8f,77dc8b58-3470-491a-b3e4-1415dfd9fa56,HAS_FILTER
77dc8b58-3470-491a-b3e4-1415dfd9fa56,071e54a5-8e20-40ef-a555-c647a689f5f7,HAS_PROPERTY
071e54a5-8e20-40ef-a555-c647a689f5f7,58581f6e-8883-44a8-819a-06543ae72f08,HAS_VALUE
7f66e89b-9674-4cc9-98b0-268ab6493553,577f9eb9-ac57-4b74-b507-c2df6e42435c,HAS_PROPERTY
7f66e89b-9674-4cc9-98b0-268ab6493553,899be6e4-1f78-474f-92e2-35cc976c62e2,HAS_PROPERTY
7f66e89b-9674-4cc9-98b0-268ab6493553,ed4b5926-f94b-4dce-9471-55dc9f7a7dcf,HAS_CLASSIFICATION
ed4b5926-f94b-4dce-9471-55dc9f7a7dcf,ec4b92e3-e2be-401a-a8dc-74744bc867a3,HAS_CLASSIFICATION
ec4b92e3-e2be-401a-a8dc-74744bc867a3,e7d13a5b-67a0-4a80-9ad6-9cc5c4ea0494,HAS_CLASSIFICATIONSET
e7d13a5b-67a0-4a80-9ad6-9cc5c4ea0494,8d6452aa-642b-4aa6-8097-3e1b20022d56,HAS_MANUALOVERRIDE
e7d13a5b-67a0-4a80-9ad6-9cc5c4ea0494,8757f887-832c-4336-9ecd-f97ed8fa3152,HAS_MAPPING
e7d13a5b-67a0-4a80-9ad6-9cc5c4ea0494,a7a8feaa-7e81-4c16-a398-ec566844a966,HAS_LABEL
899be6e4-1f78-474f-92e2-35cc976c62e2,52334310-3b43-4c57-8fa3-fcf81823e469,HAS_VALUE
577f9eb9-ac57-4b74-b507-c2df6e42435c,fc7de02d-6a32-451f-890e-be5f184ba597,HAS_VALUE
30028e2e-9ecc-43f9-a762-17072f7c8db5,73ca7964-d02f-47e3-8d64-203fc49b1f24,HAS_PROPERTY
30028e2e-9ecc-43f9-a762-17072f7c8db5,9c243020-ef81-4c42-a7b8-cd048fc73eb4,HAS_PROPERTY
30028e2e-9ecc-43f9-a762-17072f7c8db5,880e3798-34b1-4950-84e3-7811fd37cc53,HAS_CLASSIFICATION
880e3798-34b1-4950-84e3-7811fd37cc53,8530fce6-450f-467b-aeb9-9360cd1cb52c,HAS_CLASSIFICATION
8530fce6-450f-467b-aeb9-9360cd1cb52c,80c70f77-66f6-44d9-a6ba-0159f54d045c,HAS_CLASSIFICATIONSET
80c70f77-66f6-44d9-a6ba-0159f54d045c,b39c1e7b-4721-4fa2-ab7a-6c88a0797768,HAS_LABEL
80c70f77-66f6-44d9-a6ba-0159f54d045c,1841733c-86c1-421a-aea7-1a4e396be33c,HAS_MANUALOVERRIDE
80c70f77-66f6-44d9-a6ba-0159f54d045c,ca431a6f-02d5-46de-98e5-b1af85cdb68f,HAS_MAPPING
80c70f77-66f6-44d9-a6ba-0159f54d045c,a1c9ba38-a739-4cae-acfb-b89aa90d455e,HAS_FILE
80c70f77-66f6-44d9-a6ba-0159f54d045c,e2f054bd-131a-4427-ac78-d2d4b8959283,HAS_PROPERTY
ca431a6f-02d5-46de-98e5-b1af85cdb68f,fcbd9f91-82a1-47d0-a0db-94dd47ec99c8,HAS_FILTER
ca431a6f-02d5-46de-98e5-b1af85cdb68f,b4dc20f9-8501-4cda-a7ad-067c73697ecb,HAS_FILTER
b4dc20f9-8501-4cda-a7ad-067c73697ecb,1341f895-8875-4a39-b092-a68612acab42,HAS_PROPERTY
1341f895-8875-4a39-b092-a68612acab42,5c1961be-d70e-4860-a30f-dd442e678b89,HAS_VALUE
fcbd9f91-82a1-47d0-a0db-94dd47ec99c8,c80f2411-4c64-4cee-bee0-0b7160a3ab6c,HAS_PROPERTY
c80f2411-4c64-4cee-bee0-0b7160a3ab6c,85a3e5e4-8fd2-48f4-9bf7-5fe2321613a8,HAS_VALUE
e2f054bd-131a-4427-ac78-d2d4b8959283,346f39b0-6705-41ac-ae24-4daceb74a9a7,HAS_VALUE
73ca7964-d02f-47e3-8d64-203fc49b1f24,f5d0348a-8cc1-4ad0-873c-727da6f57ffa,HAS_VALUE
9c243020-ef81-4c42-a7b8-cd048fc73eb4,6f4b0006-0898-44ea-8952-463443d91ba8,HAS_VALUE
9e3c9712-09e4-411a-9b80-3de481dc0a29,8c6fb783-2473-456a-a43b-22d56fae80b7,HAS_LABELSET
8d197935-d371-420d-877d-0084ece77d30,7c1a2f19-4977-476c-b2cb-9f3bad124cdb,HAS_OBJECTSET
ef29befb-1419-45cd-93eb-a63f860888b0,c0947f71-1726-4ec3-b93a-b1649e605e40,HAS_FILTERSET
5c2baf09-2850-47ec-a8f0-067a673abb66,10e279d7-38ab-4eeb-84f1-16526d9e754d,HAS_REQUIREMENTSET
44285aac-6977-4d2c-9d1a-4fa1510b8752,84195290-8803-46b7-8bf8-4a6301540bc7,HAS_EXPORTSET
84195290-8803-46b7-8bf8-4a6301540bc7,7795c599-0c89-46a3-a9ee-30ccf5a64cbe,HAS_EXPORT
84195290-8803-46b7-8bf8-4a6301540bc7,b7d155b4-0e19-4477-a036-792cbebabc9b,HAS_EXPORT
84195290-8803-46b7-8bf8-4a6301540bc7,3f41085c-cfff-417c-8439-16ec1392ce2d,HAS_EXPORT
b7d155b4-0e19-4477-a036-792cbebabc9b,253e5bab-9542-491d-aa4a-4cc5f7eb40bd,HAS_PROPERTY
b7d155b4-0e19-4477-a036-792cbebabc9b,9c4d099a-8f93-4c88-8d56-bb976fd9769a,HAS_PROPERTY
b7d155b4-0e19-4477-a036-792cbebabc9b,8d11d42f-2e67-447e-870b-1b4f14bf5e1b,HAS_PROPERTY
b7d155b4-0e19-4477-a036-792cbebabc9b,c88c857f-c7a8-4964-b160-bfb66f3ad790,HAS_PROPERTY
b7d155b4-0e19-4477-a036-792cbebabc9b,f58884e3-8cbb-44ad-9cb7-73a638f36de0,HAS_PROPERTY
b7d155b4-0e19-4477-a036-792cbebabc9b,fa8a5d3b-0a88-4df5-a317-3926f233d848,HAS_PROPERTY
b7d155b4-0e19-4477-a036-792cbebabc9b,bdaf6951-0b4d-46bc-bc3e-52b6cce16449,HAS_PROPERTY
b7d155b4-0e19-4477-a036-792cbebabc9b,244046a3-5929-4ed5-a143-a4e573afe923,HAS_PROPERTY
3f41085c-cfff-417c-8439-16ec1392ce2d,b7e2faf6-82fc-441e-846e-6cdea921377e,HAS_PROPERTY
3f41085c-cfff-417c-8439-16ec1392ce2d,850c0b82-731e-43f2-a436-feefb892d13c,HAS_PROPERTY
3f41085c-cfff-417c-8439-16ec1392ce2d,d8e6c71c-11c3-4437-af87-3115e8fa77b7,HAS_PROPERTY
3f41085c-cfff-417c-8439-16ec1392ce2d,fdc1ecb1-c1dc-4d6d-b9ac-d16d7dade49c,HAS_PROPERTY
3f41085c-cfff-417c-8439-16ec1392ce2d,4a87225a-72d9-4c06-b022-968d33368676,HAS_PROPERTY
3f41085c-cfff-417c-8439-16ec1392ce2d,9e8e6fba-4634-4991-b185-0faf0d723304,HAS_PROPERTY
32badbe4-a557-432b-ad79-665b364365a4,1744a19d-bb65-4ecb-b2b9-bdd366b2a6b9,HAS_DOCUMENTSET
155d4428-0341-4ccb-a080-4dc110c98ead,c3e2ca76-47c2-413a-a452-e372a4d0c270,HAS_MAPPINGSET
0f120715-4509-4a9c-9f1d-37a44f624ae1,5a3a8c2a-bf8f-443b-92da-c38dba472077,HAS_USERSET
a8d9dd15-9903-435f-9189-cce5a249c52d,7027defc-1112-4272-bf5f-8389079c7719,HAS_TOSET
7027defc-1112-4272-bf5f-8389079c7719,8a547864-ee3d-4952-b39f-66e4f61459d8,HAS_TO
089e9024-994a-4136-bcda-77da7e7ae938,c95d348c-9b40-4d4a-8f4c-b06beaa3cac5,HAS_VALUE
0feb39f5-9ccf-4866-9f03-7b621f185de7,9f2ff858-3ad9-4e45-b4c1-ff59842a2b8a,HAS_VALUE
e3095443-4e6d-4161-a50a-37b71a87d340,4de801f6-56db-4bfa-8121-11827fff58a4,HAS_VALUE
8f632123-0a99-4eda-bc9d-368236320c57,9e546347-fa19-4e98-b1b1-7577f8c2b03d,HAS_VALUE
fb5cea85-7f5f-49ea-b254-f1d374773ef0,8d382c05-f891-45c8-8508-684b92c78d42,HAS_VALUE
38de937b-d667-4488-8569-c3ec7bb78741,f0f996d2-54d1-4885-9708-48c87431f3da,HAS_VALUE
a509e338-5f15-42dc-8b28-d6cb9ed46924,86ffbcf5-0a3f-4a14-b3f0-879692efad70,HAS_MODELSET
86ffbcf5-0a3f-4a14-b3f0-879692efad70,e89f9974-6007-41a5-a9ed-a21be3344839,HAS_MODEL
cadf80bf-c727-4af4-854c-77125244e8aa,e89f9974-6007-41a5-a9ed-a21be3344839,HAS_SOURCE
cadf80bf-c727-4af4-854c-77125244e8aa,5b7f282b-7495-43cc-9c4b-34a0fccba88c,IFC_CLASSIFICATIONS
cadf80bf-c727-4af4-854c-77125244e8aa,e3446066-1bdd-47d0-aa02-dcb3fe1c2cd6,IFC_QUANTITES
cadf80bf-c727-4af4-854c-77125244e8aa,261dce93-1d37-458f-81fa-10124ab31196,IFC_PROPERTIES
cadf80bf-c727-4af4-854c-77125244e8aa,5a280533-331e-43d8-9a8b-562b904b0f30,IFC_UNITS
cadf80bf-c727-4af4-854c-77125244e8aa,2c7008fa-4557-4e64-bd2a-03b90f2b605e,IFC_MATERIALS
cadf80bf-c727-4af4-854c-77125244e8aa,ddfd1382-33de-4653-9130-ad01e3cfa5a9,IFC_DECOMPOSITION
ddfd1382-33de-4653-9130-ad01e3cfa5a9,a11c7b14-07d9-41b8-bc22-dd07dcb1b968,HAS_ATTRIBUTE
ddfd1382-33de-4653-9130-ad01e3cfa5a9,37b2c6f8-d9c2-400b-b104-3ebdf0b814dc,HAS_ATTRIBUTE
ddfd1382-33de-4653-9130-ad01e3cfa5a9,0874f80a-5486-4f2c-9e0f-84eed32cd478,HAS_TYPE
ddfd1382-33de-4653-9130-ad01e3cfa5a9,10af5225-94ac-497f-9edf-1ffea91ba527,HAS_ATTRIBUTE
ddfd1382-33de-4653-9130-ad01e3cfa5a9,df616da8-94f3-4795-8720-3ace981b337b,HAS_ATTRIBUTE
5b7f282b-7495-43cc-9c4b-34a0fccba88c,26f903f7-0ebb-4b2a-8c11-427e1b0eef7f,HAS_ATTRIBUTE
5b7f282b-7495-43cc-9c4b-34a0fccba88c,00fc1454-d9c6-4349-b1c3-699cf9027c88,HAS_ATTRIBUTE
5b7f282b-7495-43cc-9c4b-34a0fccba88c,cf43eb9e-b603-47a1-8e58-71ac1703724f,HAS_ATTRIBUTE
5b7f282b-7495-43cc-9c4b-34a0fccba88c,a81771d4-2b4b-4d37-970a-93d2944401cc,HAS_ITEM
0874f80a-5486-4f2c-9e0f-84eed32cd478,6b685f50-bf4e-4196-b554-1338c924f2d4,HAS_TYPE
0874f80a-5486-4f2c-9e0f-84eed32cd478,d777e0b0-8437-4deb-85b7-f47dd21570ef,HAS_ATTRIBUTE
0874f80a-5486-4f2c-9e0f-84eed32cd478,bbe0d32b-2f0d-4ba9-9b6c-40a0419a72ee,HAS_ATTRIBUTE
0874f80a-5486-4f2c-9e0f-84eed32cd478,20ea44e4-fc27-473c-afc8-5358d636e306,HAS_ATTRIBUTE
0874f80a-5486-4f2c-9e0f-84eed32cd478,93e43132-52a0-4156-a32f-5968f422fe51,HAS_ATTRIBUTE
0874f80a-5486-4f2c-9e0f-84eed32cd478,a55cb907-d773-41fb-ac9e-2a4b95411527,HAS_ATTRIBUTE
0874f80a-5486-4f2c-9e0f-84eed32cd478,35595552-eaec-4bb6-b1b1-12729c07bb71,HAS_ATTRIBUTE
0874f80a-5486-4f2c-9e0f-84eed32cd478,d768cca1-0a5f-4e19-855b-b2fe30f7ff9b,HAS_ATTRIBUTE
6b685f50-bf4e-4196-b554-1338c924f2d4,f22b990b-46df-4cb7-b257-aa6dbe26c01f,HAS_ATTRIBUTE
6b685f50-bf4e-4196-b554-1338c924f2d4,1f4af517-2c2e-4760-bf23-62bf5ed4da78,HAS_ATTRIBUTE
6b685f50-bf4e-4196-b554-1338c924f2d4,5b78c64a-ce94-4de5-b78f-1a7c975259e4,HAS_ATTRIBUTE
6b685f50-bf4e-4196-b554-1338c924f2d4,5e19640e-d6fd-40fd-a8be-2d313b3e19b0,HAS_ATTRIBUTE
6b685f50-bf4e-4196-b554-1338c924f2d4,6b588aa9-1b41-477b-873f-873c9670420f,HAS_ATTRIBUTE
6b685f50-bf4e-4196-b554-1338c924f2d4,de68e6df-deeb-4341-ba7a-07861129ea59,HAS_ATTRIBUTE
6b685f50-bf4e-4196-b554-1338c924f2d4,34b429b4-75d7-4d25-99f5-fc5ee7d48f31,HAS_TYPE
34b429b4-75d7-4d25-99f5-fc5ee7d48f31,e7c06b0a-e4d7-46c1-ae58-43fb08a2805a,HAS_TYPE
34b429b4-75d7-4d25-99f5-fc5ee7d48f31,be1d5647-a26c-4194-bbe7-68c177ea6d2a,HAS_ATTRIBUTE
34b429b4-75d7-4d25-99f5-fc5ee7d48f31,a72c8259-f16f-4d76-8c1e-0e52f8fe8367,HAS_ATTRIBUTE
34b429b4-75d7-4d25-99f5-fc5ee7d48f31,862d8fe2-efca-470f-bd00-09f04d30a40b,HAS_ATTRIBUTE
34b429b4-75d7-4d25-99f5-fc5ee7d48f31,d4df130a-fbcc-4d2a-b35c-ddf989c2e9ba,HAS_ATTRIBUTE
34b429b4-75d7-4d25-99f5-fc5ee7d48f31,ed17c71f-e782-49ee-b9e1-b8d64bc087a2,HAS_ATTRIBUTE
34b429b4-75d7-4d25-99f5-fc5ee7d48f31,bd8ff6b1-a102-4701-a93d-a125567e44f0,HAS_ATTRIBUTE
e7c06b0a-e4d7-46c1-ae58-43fb08a2805a,c8c909ba-29bc-431c-b1eb-380cf2ba865e,HAS_ATTRIBUTE
e7c06b0a-e4d7-46c1-ae58-43fb08a2805a,84f1a973-6aed-48a2-9ef3-835dab9c742a,HAS_ATTRIBUTE
e7c06b0a-e4d7-46c1-ae58-43fb08a2805a,29826e98-ccb0-4444-a5ef-4851b36ddf1e,HAS_ATTRIBUTE
e7c06b0a-e4d7-46c1-ae58-43fb08a2805a,3ef1ab99-523b-4625-9819-4a27d6c971ea,HAS_ATTRIBUTE
e7c06b0a-e4d7-46c1-ae58-43fb08a2805a,195c9138-70c4-4031-b9fc-44dab8bb9ad0,HAS_ATTRIBUTE
e7c06b0a-e4d7-46c1-ae58-43fb08a2805a,af9f73ce-1a2d-47b0-b495-b40172708764,HAS_PROPERTYSET
e7c06b0a-e4d7-46c1-ae58-43fb08a2805a,a81771d4-2b4b-4d37-970a-93d2944401cc,HAS_CLASSIFICATION
7795c599-0c89-46a3-a9ee-30ccf5a64cbe,daceb754-13ad-45e4-ab2e-1d66d355a70d,HAS_PROPERTY
7795c599-0c89-46a3-a9ee-30ccf5a64cbe,2b20bfa0-b544-40c4-9714-a8189dbaa2ca,HAS_PROPERTY
7795c599-0c89-46a3-a9ee-30ccf5a64cbe,24831bc5-6f4d-4d79-96dc-678da59dd639,HAS_PROPERTY
7795c599-0c89-46a3-a9ee-30ccf5a64cbe,0dcaba1b-40de-43bf-b907-511b897f9aac,HAS_PROPERTY
7795c599-0c89-46a3-a9ee-30ccf5a64cbe,49416f92-a151-4f06-8261-f10d195e79fe,HAS_PROPERTY
7795c599-0c89-46a3-a9ee-30ccf5a64cbe,70a74fbd-828e-4d2a-b657-bf22239510fd,HAS_PROPERTY
7795c599-0c89-46a3-a9ee-30ccf5a64cbe,4cd03147-69fa-43e4-af47-0a742615ed9f,HAS_PROPERTY
7795c599-0c89-46a3-a9ee-30ccf5a64cbe,30c31db1-7a12-4c82-b7b1-5f572379510e,HAS_PROPERTY
8a547864-ee3d-4952-b39f-66e4f61459d8,8f43311c-5724-49a2-aeda-930ef0ce8e36,HAS_PROPERTY
8a547864-ee3d-4952-b39f-66e4f61459d8,99e7b8d1-b557-44f8-a77b-4d860fb8176c,HAS_PROPERTY
8a547864-ee3d-4952-b39f-66e4f61459d8,deb6fee6-c3bf-41e9-b91f-05eeabbb28ff,HAS_CLASSIFICATION
deb6fee6-c3bf-41e9-b91f-05eeabbb28ff,0f5114bb-e8b4-43b5-9880-e2e3eee3a6ec,HAS_CLASSIFICATION
0f5114bb-e8b4-43b5-9880-e2e3eee3a6ec,912ee773-97f9-4e54-a0cf-4e1a55654958,HAS_CLASSIFICATIONSET
912ee773-97f9-4e54-a0cf-4e1a55654958,0b8e23cc-faf5-47d6-b7dc-9a295ea0a031,HAS_MANUALOVERRIDE
912ee773-97f9-4e54-a0cf-4e1a55654958,ae477e73-4ed0-42df-8361-bd537834f2a3,HAS_MAPPING
912ee773-97f9-4e54-a0cf-4e1a55654958,787e20ee-0d25-4c56-8fd4-ae81c904ea48,HAS_PROPERTY
912ee773-97f9-4e54-a0cf-4e1a55654958,71236ac2-b8b7-4af5-b9a5-e96a8d716040,HAS_PROPERTY
912ee773-97f9-4e54-a0cf-4e1a55654958,86c66ceb-08aa-4e94-9815-9ced97ebb027,HAS_LABEL
787e20ee-0d25-4c56-8fd4-ae81c904ea48,5b48c4ec-4b9e-4e51-8eff-621858374c04,HAS_VALUE
ae477e73-4ed0-42df-8361-bd537834f2a3,29824011-2ff1-49f1-964a-98e2de413dfc,HAS_FILTER
71236ac2-b8b7-4af5-b9a5-e96a8d716040,71f76cd5-5a39-4fb0-b68b-2c64af4facd2,HAS_VALUE
29824011-2ff1-49f1-964a-98e2de413dfc,d1d5acbe-ad92-47d3-83bd-b3bc7f893c6b,HAS_PROPERTY
d1d5acbe-ad92-47d3-83bd-b3bc7f893c6b,d0d7da4a-50ec-45c0-b895-aac5acdf58b4,HAS_VALUE
99e7b8d1-b557-44f8-a77b-4d860fb8176c,51a06639-5da6-4035-a208-a51cf9849252,HAS_VALUE
8f43311c-5724-49a2-aeda-930ef0ce8e36,de940e13-cf85-4c7c-b733-0a7fcd0f0614,HAS_VALUE
70a74fbd-828e-4d2a-b657-bf22239510fd,91592a78-64f1-49bc-bd49-9c368a404411,HAS_VALUE
24831bc5-6f4d-4d79-96dc-678da59dd639,05c141fe-05a0-46b1-97df-52cc1636daf2,HAS_VALUE
daceb754-13ad-45e4-ab2e-1d66d355a70d,4891309c-7568-4c03-8c96-0de134f832d6,HAS_VALUE
30c31db1-7a12-4c82-b7b1-5f572379510e,43cfe1df-f238-497e-833e-7f719fe5206d,HAS_VALUE
49416f92-a151-4f06-8261-f10d195e79fe,4f5a30e2-da70-4fd4-a855-df4fd6add42f,HAS_VALUE
2b20bfa0-b544-40c4-9714-a8189dbaa2ca,1cdbe150-f493-4c13-900b-adbd431366fb,HAS_VALUE
0dcaba1b-40de-43bf-b907-511b897f9aac,248cf6cc-b60c-4332-a8b6-b999004d50d5,HAS_VALUE
4cd03147-69fa-43e4-af47-0a742615ed9f,e51edb7d-7599-44f7-9835-33efbc56c5c3,HAS_VALUE
d8e6c71c-11c3-4437-af87-3115e8fa77b7,993a2710-a2f7-42c9-b7b9-48182ca21f9f,HAS_VALUE
b7e2faf6-82fc-441e-846e-6cdea921377e,185377d6-25dc-4c33-a51c-78bc8be9a4a7,HAS_VALUE
4a87225a-72d9-4c06-b022-968d33368676,703e77cf-e55b-4eac-8f0d-dadcd3ab8c8a,HAS_VALUE
850c0b82-731e-43f2-a436-feefb892d13c,3e33281f-4ed1-4295-a17a-d763d63cee20,HAS_VALUE
fdc1ecb1-c1dc-4d6d-b9ac-d16d7dade49c,026e655f-e614-4bed-bdff-ced22518baa7,HAS_VALUE
9e8e6fba-4634-4991-b185-0faf0d723304,afbeae1f-88d0-4d05-937f-d40be9c92ddf,HAS_VALUE
9c4d099a-8f93-4c88-8d56-bb976fd9769a,0df08047-1e21-4465-bbf0-a8446668bf7f,HAS_VALUE
8d11d42f-2e67-447e-870b-1b4f14bf5e1b,8fe085cd-9cbe-4318-8967-898c93d32807,HAS_VALUE
f58884e3-8cbb-44ad-9cb7-73a638f36de0,2af5e4aa-62df-4397-8cd4-b3f74a542a3e,HAS_VALUE
bdaf6951-0b4d-46bc-bc3e-52b6cce16449,72214b46-1618-4885-8a64-bf2a999502c2,HAS_VALUE
fa8a5d3b-0a88-4df5-a317-3926f233d848,3ee354c1-8421-482a-b5cd-e9bf793d1feb,HAS_VALUE
c88c857f-c7a8-4964-b160-bfb66f3ad790,ad828a6e-1465-4524-b760-a1d8b9c9f1e1,HAS_VALUE
244046a3-5929-4ed5-a143-a4e573afe923,79281091-6cb9-4f50-9e32-97392a22d964,HAS_VALUE
253e5bab-9542-491d-aa4a-4cc5f7eb40bd,5d7d4472-d1b9-4f71-9033-86f513f2daa0,HAS_VALUE
a47ab217-9c18-4d66-8408-bd6e34ef7120,519ef3cd-f214-49ce-9731-b0a652a39cf0,HAS_VALUE
a11c7b14-07d9-41b8-bc22-dd07dcb1b968,debb61f2-4f34-435a-8ae5-98b2b1bb3e48,HAS_VALUE
10af5225-94ac-497f-9edf-1ffea91ba527,cd57d2dc-7254-41db-bea7-d535fc78c1cd,HAS_VALUE
37b2c6f8-d9c2-400b-b104-3ebdf0b814dc,11019d51-701f-44ce-9b1b-909c268b96d1,HAS_VALUE
df616da8-94f3-4795-8720-3ace981b337b,79d39d23-4cbf-4b63-9662-37391105021f,HAS_VALUE
d777e0b0-8437-4deb-85b7-f47dd21570ef,58791043-5bb7-4d9e-8435-61318c2a74b0,HAS_VALUE
35595552-eaec-4bb6-b1b1-12729c07bb71,225a3da0-a745-42cd-bbcb-53186773e745,HAS_VALUE
20ea44e4-fc27-473c-afc8-5358d636e306,c71f23e4-987c-4919-a3a9-7b2b27380c05,HAS_VALUE
a55cb907-d773-41fb-ac9e-2a4b95411527,ddaf415d-7ca1-4403-8b56-fd64b242c02f,HAS_VALUE
bbe0d32b-2f0d-4ba9-9b6c-40a0419a72ee,f2e21983-f7d2-4497-af06-956e6e5d6c7d,HAS_VALUE
93e43132-52a0-4156-a32f-5968f422fe51,e3fd0e4e-2722-4b77-8cfb-5f2fe557782d,HAS_VALUE
d768cca1-0a5f-4e19-855b-b2fe30f7ff9b,f6aa87c6-f7ce-4ab4-abaa-f4c722179ac7,HAS_VALUE
26f903f7-0ebb-4b2a-8c11-427e1b0eef7f,74ebe015-f4f9-4f03-97c1-6d7e52ac3836,HAS_VALUE
cf43eb9e-b603-47a1-8e58-71ac1703724f,0c5e01b6-5b91-4b31-a7a6-441622243c6c,HAS_VALUE
00fc1454-d9c6-4349-b1c3-699cf9027c88,016eadf9-8d3a-49a6-bb67-35a4836c4a76,HAS_VALUE
de68e6df-deeb-4341-ba7a-07861129ea59,e9b9de8f-3f9d-44d7-998b-052bdfee664b,HAS_VALUE
5e19640e-d6fd-40fd-a8be-2d313b3e19b0,73500919-54d6-407a-a8ce-5a8c0b4472ba,HAS_VALUE
6b588aa9-1b41-477b-873f-873c9670420f,5e942a29-1154-4759-a5c2-e61e69edc3d6,HAS_VALUE
5b78c64a-ce94-4de5-b78f-1a7c975259e4,c1b75bc1-0926-4b8d-b219-29536f9fd807,HAS_VALUE
1f4af517-2c2e-4760-bf23-62bf5ed4da78,80d1066f-9f07-4b39-99e8-8c16c7a4875a,HAS_VALUE
f22b990b-46df-4cb7-b257-aa6dbe26c01f,f9439fcf-e178-4390-a8ba-c9397f943f80,HAS_VALUE
bd8ff6b1-a102-4701-a93d-a125567e44f0,51e7119d-634e-4efe-9590-3ad032b26a71,HAS_VALUE
d4df130a-fbcc-4d2a-b35c-ddf989c2e9ba,e44f960d-f889-428f-a19a-f70ed2bed1d9,HAS_VALUE
a72c8259-f16f-4d76-8c1e-0e52f8fe8367,21f4586e-a1e3-41a8-b888-37fcec22351e,HAS_VALUE
ed17c71f-e782-49ee-b9e1-b8d64bc087a2,bc6296f9-31fa-4ee9-9407-ca8f8c5eb221,HAS_VALUE
be1d5647-a26c-4194-bbe7-68c177ea6d2a,0bfd7dd2-0146-4a2c-8766-9e2a5e0f43bd,HAS_VALUE
862d8fe2-efca-470f-bd00-09f04d30a40b,bbd5d5af-0155-4303-b568-5a8e910ca6a2,HAS_VALUE
af9f73ce-1a2d-47b0-b495-b40172708764,ef21c8ac-f337-4f0f-81d5-d30f45506321,HAS_PROPERTY
af9f73ce-1a2d-47b0-b495-b40172708764,dee6ce86-2435-4ff9-b4f4-c8feeb5282c8,HAS_PROPERTY
af9f73ce-1a2d-47b0-b495-b40172708764,f49225e7-2267-4cc1-a8e7-c2668a3906f1,HAS_PROPERTY
af9f73ce-1a2d-47b0-b495-b40172708764,9aaba7a0-e65d-47fa-adc1-cecbf6fa0907,HAS_PROPERTY
af9f73ce-1a2d-47b0-b495-b40172708764,1134fbc0-8f0d-4064-929f-eb14836b2e1d,HAS_ATTRIBUTE
af9f73ce-1a2d-47b0-b495-b40172708764,63ec73e9-5a0d-4cf1-889e-8f239dc2be46,HAS_ATTRIBUTE
3ef1ab99-523b-4625-9819-4a27d6c971ea,48bb46a0-9dea-41aa-95c9-7f14839da802,HAS_VALUE
29826e98-ccb0-4444-a5ef-4851b36ddf1e,d16afcc7-d091-4e28-a64f-90ca0957af9f,HAS_VALUE
84f1a973-6aed-48a2-9ef3-835dab9c742a,82b96b92-4b5c-4aee-b62d-881bb11b0197,HAS_VALUE
195c9138-70c4-4031-b9fc-44dab8bb9ad0,b46c6169-d78b-4e78-86ae-0c2a6f0abaa3,HAS_VALUE
c8c909ba-29bc-431c-b1eb-380cf2ba865e,e029d817-2b95-4efc-b899-ee83c4c15ef9,HAS_VALUE
ef21c8ac-f337-4f0f-81d5-d30f45506321,dec13337-ffdd-462d-a42c-d7ba8a8f2289,HAS_VALUE
9aaba7a0-e65d-47fa-adc1-cecbf6fa0907,23dea5d3-4f89-482b-b2f1-0f1fa0983f50,HAS_VALUE
dee6ce86-2435-4ff9-b4f4-c8feeb5282c8,67be2744-45ef-46ef-bccf-8aa70ec70ffe,HAS_VALUE
f49225e7-2267-4cc1-a8e7-c2668a3906f1,d827fa0d-8b52-4f66-beb4-4ecb86f58445,HAS_VALUE
63ec73e9-5a0d-4cf1-889e-8f239dc2be46,92c9bd51-b723-41d2-a776-ccfb1958e073,HAS_VALUE
1134fbc0-8f0d-4064-929f-eb14836b2e1d,959bdc5c-ddef-4a39-b866-b9c771ec7ce0,HAS_VALUE
e97dc440-c487-4593-9be1-730f0d760f15,894db8f3-ac63-4b20-a9e7-17b2529a36f5,HAS_PROPERTYTEMPLATE
e97dc440-c487-4593-9be1-730f0d760f15,3985c1b9-d35c-46f5-93c4-7e1a68284087,HAS_PROPERTYTEMPLATE
e97dc440-c487-4593-9be1-730f0d760f15,37dbc082-ae0b-424b-8c2b-43999d20b9e3,HAS_PROPERTYTEMPLATE
e97dc440-c487-4593-9be1-730f0d760f15,21c39e75-67f0-44ce-8635-0f4dc2892146,HAS_PROPERTYTEMPLATE
e97dc440-c487-4593-9be1-730f0d760f15,f1ed0d54-9ef7-4f94-bc1a-926bd4d7b7fd,HAS_PROPERTYTEMPLATE
e97dc440-c487-4593-9be1-730f0d760f15,bba81ef6-3bb0-4355-922b-643502d1ba68,HAS_PROPERTYTEMPLATE
e97dc440-c487-4593-9be1-730f0d760f15,a3ba3c75-f37a-47e9-a384-ee665462fd71,HAS_PROPERTYTEMPLATE
e97dc440-c487-4593-9be1-730f0d760f15,574a7d97-9ad6-49ed-9e15-5c143fe7b235,HAS_PROPERTYTEMPLATE
e97dc440-c487-4593-9be1-730f0d760f15,0a4b6978-d283-4aa8-80e3-e6b57475b979,HAS_PROPERTYTEMPLATE
e97dc440-c487-4593-9be1-730f0d760f15,de6003f2-ea7f-4425-909e-e90a4f55369c,HAS_PROPERTYTEMPLATE
e97dc440-c487-4593-9be1-730f0d760f15,1d8426d7-edcf-4aff-9d1c-e45731b0033e,HAS_PROPERTYTEMPLATE
e97dc440-c487-4593-9be1-730f0d760f15,b01fcd5d-015a-4926-8bd8-28c1c0127b35,HAS_PROPERTYTEMPLATE
e97dc440-c487-4593-9be1-730f0d760f15,7ada537d-86da-4ac3-a3b6-5880f270a991,HAS_PROPERTYTEMPLATE
e97dc440-c487-4593-9be1-730f0d760f15,d1c0ef10-b8f2-4a6e-8848-883e77b3f3de,HAS_PROPERTYTEMPLATE
e97dc440-c487-4593-9be1-730f0d760f15,3ea4394b-a4ea-416e-beef-526424531f0b,HAS_PROPERTYTEMPLATE
f1ed0d54-9ef7-4f94-bc1a-926bd4d7b7fd,b08accb6-4537-40e8-b5ae-752a80f04999,HAS_VALUE
d1c0ef10-b8f2-4a6e-8848-883e77b3f3de,c4809494-417c-4e67-9896-ecd496941ce3,HAS_VALUE
37dbc082-ae0b-424b-8c2b-43999d20b9e3,774a27ac-bd13-4e79-8946-d6d36b13af29,HAS_VALUE
de6003f2-ea7f-4425-909e-e90a4f55369c,642bbbd1-96ca-4f32-8c26-7d8d74391f70,HAS_VALUE
21c39e75-67f0-44ce-8635-0f4dc2892146,90b4c0a0-142a-4894-9879-43f7b9d9469d,HAS_VALUE
1d8426d7-edcf-4aff-9d1c-e45731b0033e,d8466098-c079-4f59-85a8-81cc586b0585,HAS_VALUE
894db8f3-ac63-4b20-a9e7-17b2529a36f5,ca80423d-75c7-4011-a635-883c3500e60b,HAS_VALUE
574a7d97-9ad6-49ed-9e15-5c143fe7b235,da43820e-72ff-4684-aa43-5b3b12e82fe8,HAS_VALUE
7ada537d-86da-4ac3-a3b6-5880f270a991,bf5e81f2-3397-4031-bbfc-b391d356fd79,HAS_VALUE
3ea4394b-a4ea-416e-beef-526424531f0b,2a5c1183-edde-4736-9c8e-016c9e76c05e,HAS_VALUE
3985c1b9-d35c-46f5-93c4-7e1a68284087,dca0bbc0-4cbc-472c-8c33-8eec47b1f14a,HAS_VALUE
0a4b6978-d283-4aa8-80e3-e6b57475b979,b72cad8a-8480-4266-91c3-56022b100e8c,HAS_VALUE
a3ba3c75-f37a-47e9-a384-ee665462fd71,d84e9962-4cc1-4f3c-aba7-8830405caedb,HAS_VALUE
bba81ef6-3bb0-4355-922b-643502d1ba68,86003c1a-2418-421b-a3e2-340499b59a59,HAS_VALUE
b01fcd5d-015a-4926-8bd8-28c1c0127b35,664bc67a-c6d7-4e3c-865b-10a23e73113c,HAS_VALUE
89c7b96c-8055-4e59-b800-816119e8fe7d,9e6697d2-52c7-460e-b86c-e26e4cbcaf97,HAS_PROPERTYSET
