at_bfguid,prop_bfguid,prop_name,templateguid,val_bfguid
037b2558-7c42-4d0f-bded-9a11ae892959,4374c6de-0519-490a-932c-54fa8d864ec0,Cluster,df924529-32dc-44d9-8311-ff39d2ce89e0,19cbf6fa-e01d-4ecb-8646-a2e51e757d31
037b2558-7c42-4d0f-bded-9a11ae892959,2f4b7d5a-2b0c-4f5a-bba0-9064410855f1,ComplianceStatus,5f1eed38-eab7-4f29-8abb-08900852ed25,ddf97058-980a-4b6f-a162-81aaa7fa24c4
037b2558-7c42-4d0f-bded-9a11ae892959,391f928f-b4c5-4416-b4fd-78ba8ba9127d,DagenTotDeadline,4f203526-4f95-45c4-bbd7-9aa4cfde09d5,fb5aa37d-bbb2-4fdf-a0dc-5277226a56f2
037b2558-7c42-4d0f-bded-9a11ae892959,a9caa5a3-ff19-4433-93eb-3658b11e9403,Slanglengte,a9cd8ff8-e7c9-44c7-880c-5f0ababc7f8b,15d2a918-7a97-4627-98d5-6c02d9cd955a
037b2558-7c42-4d0f-bded-9a11ae892959,af766106-f6f4-43b2-85c2-cbec7ed44409,Subtype,b0ef9956-17f2-4d7f-bff2-ba26a8952c7c,32c3b92f-aa36-47c4-90ec-f2724521c65d
037b2558-7c42-4d0f-bded-9a11ae892959,6afdd000-a938-4107-a542-b36cd5a0dc64,VolgendeKeuring,9675199f-99ba-40be-b835-78585cd5503e,5eac70ce-12f3-42c6-9fcb-f2ca64d640cf
060bdb56-43a3-4bcf-942d-60bd51c0d44f,00dcfe3b-2df2-48c5-a57a-7ac0f1396c5a,AantalWerknemers,b575b7f6-fb66-4e98-a721-b08111ecd7bc,82a35b87-39a2-4a60-8003-dffc4f121b4b
060bdb56-43a3-4bcf-942d-60bd51c0d44f,264a090a-d9f1-4e63-9d7c-b9838d9b92e8,Cluster,df924529-32dc-44d9-8311-ff39d2ce89e0,62f84121-24d2-4d51-8db0-129c242e3f45
060bdb56-43a3-4bcf-942d-60bd51c0d44f,19f08a27-3566-4619-950d-a0f8a689bba0,ComplianceStatus,5f1eed38-eab7-4f29-8abb-08900852ed25,747cd51b-04f7-4609-9e8f-df4fea5ee3af
060bdb56-43a3-4bcf-942d-60bd51c0d44f,3faed48d-bc85-4ba8-b840-0d5dcd758b54,DagenTotDeadline,4f203526-4f95-45c4-bbd7-9aa4cfde09d5,7d323652-44f4-43db-9055-eef4952f1f9c
060bdb56-43a3-4bcf-942d-60bd51c0d44f,b6753147-a4b8-4166-ad2f-18c43318f047,HaccpCcpAantal,7d7038a8-8532-4c76-94cd-250e637480ef,714330ed-44e4-4259-a6d7-0056649e4ea8
060bdb56-43a3-4bcf-942d-60bd51c0d44f,26d5321c-464d-46d8-807c-4b34430c414c,HaccpPlanVersie,82109d26-6c63-49b8-b59a-580f863e143d,52d8c868-d62b-4cf7-a83f-29558df6f8d0
060bdb56-43a3-4bcf-942d-60bd51c0d44f,59b84b94-c6e2-44dd-bce3-f753aa752ef8,LaatsteNvwaInspectie,19abfe53-01fe-4589-bd42-ede7f2740964,40a06789-fe27-455b-94e9-991a5ef2cc7f
060bdb56-43a3-4bcf-942d-60bd51c0d44f,385394e1-f625-40ce-9aad-fea9f13d1dc1,NvwaRisicoklasse,12cc3d80-7918-4a5c-b51e-48b1ec4a1493,7cd10157-addc-4bce-a775-fc7ff175a6c5
060bdb56-43a3-4bcf-942d-60bd51c0d44f,d531379d-0f57-4151-a61b-c5ba9c61c405,OrganisatieType,41fb6f90-cede-47b8-9f6a-e8e611fbec1c,4ec70959-2f6e-46df-a9aa-1361bb8945f7
060bdb56-43a3-4bcf-942d-60bd51c0d44f,1ef92625-6f02-4c6b-8456-91cf3ad1ea50,Subtype,b0ef9956-17f2-4d7f-bff2-ba26a8952c7c,640788d1-4470-4877-9aa5-075192de4c75
060bdb56-43a3-4bcf-942d-60bd51c0d44f,3aca56aa-33c0-498c-a54a-418306af20b7,VoedselbereidingType,fdcc7caf-e66a-409e-9207-74ef2647ad4d,31f0bc09-acf4-49b5-8e2a-bf0c28424ef8
060bdb56-43a3-4bcf-942d-60bd51c0d44f,abb6a9ac-fdfe-4d26-9c34-236a41c49071,VolgendeKeuring,9675199f-99ba-40be-b835-78585cd5503e,d602cb7b-6caa-4657-85af-87356093e8fe
0df39cd6-42f1-4a1c-8594-9efbe03e982c,50e0e2a6-788d-4afa-8ad7-ad4b31ab014c,Cluster,df924529-32dc-44d9-8311-ff39d2ce89e0,e7900bda-0808-45c6-9466-003861191cd8
0df39cd6-42f1-4a1c-8594-9efbe03e982c,c639c332-1edc-4b8a-bc35-349b21630ea5,CmrStoffen,0ae6965a-9df2-4266-be4f-0abaa42b82f0,3d2f6e9f-3d6d-438a-81a0-1a0494c23a73
0df39cd6-42f1-4a1c-8594-9efbe03e982c,1791ac56-3f98-40ce-8abe-59eac7a9ab60,ComplianceStatus,5f1eed38-eab7-4f29-8abb-08900852ed25,897e9d9f-1b6d-4453-a09d-a0ba11a63ebe
0df39cd6-42f1-4a1c-8594-9efbe03e982c,f342cde5-1b4f-46ed-a810-8f4325f8de25,DagenTotDeadline,4f203526-4f95-45c4-bbd7-9aa4cfde09d5,319fcf87-c1b8-4201-b128-1c1ad6bad70e
0df39cd6-42f1-4a1c-8594-9efbe03e982c,7dc860f6-1954-483b-b08c-78582a3171b2,OnverenigbareStoffen,8f2b3396-2327-4b9f-8285-6b633360f52e,a49f02a2-a018-460d-8416-66a9df41b03f
0df39cd6-42f1-4a1c-8594-9efbe03e982c,9839b4aa-425f-4720-9631-c98e5edc4e9a,Subtype,b0ef9956-17f2-4d7f-bff2-ba26a8952c7c,d3c9daf9-b5bd-4768-8ce2-87c8507c5674
0df39cd6-42f1-4a1c-8594-9efbe03e982c,3be2ba30-c8a5-4a5d-ad49-c21c7b11f80e,VolgendeKeuring,9675199f-99ba-40be-b835-78585cd5503e,fdae395c-2927-447e-8f29-4e39b6a52923
10955208-55a6-4aab-9bf4-c09ed23438b1,71422e20-d817-4ae9-b0b1-f637f1b21089,Adres,a76ff6ea-003f-4cef-87a2-8b1086798dd1,05efa90a-b991-44df-84e4-a8921a95ff02
10955208-55a6-4aab-9bf4-c09ed23438b1,29726d57-ab0f-4dda-892a-a3bc3874cf7b,AnnexoActiviteiten,19ba6220-b182-42d8-8284-1ddf1302e3e1,02bce3cb-b20e-40f5-b0bf-94693a97e8bc
10955208-55a6-4aab-9bf4-c09ed23438b1,a3228f13-0132-4c4b-a2ac-8a7001d671ca,Asbest,75a5a0db-132a-4f7d-97f9-c9d94dcc2018,3e351919-1d69-466f-9af4-a3a3ac817430
10955208-55a6-4aab-9bf4-c09ed23438b1,017ec1e2-3a2f-4036-85f1-7e7842e8c231,AsbestInventarisatieDatum,00ee3d92-5b4e-45c5-8497-6d5321bf93ea,8dd8b093-136e-46b9-9c4d-bb12c4ef0ec3
10955208-55a6-4aab-9bf4-c09ed23438b1,efceac92-d8e5-4283-8d08-c5443376115a,BestemmingsplanFunctie,f9e14632-338c-42d6-b05c-34b5e566e4be,46211f4d-1ede-48f5-a800-a837f4345ea9
10955208-55a6-4aab-9bf4-c09ed23438b1,5b2385fa-93cb-44ea-87f6-e4ea162d70b8,Cluster,df924529-32dc-44d9-8311-ff39d2ce89e0,f9599570-0909-4683-a9a9-68423cb59143
10955208-55a6-4aab-9bf4-c09ed23438b1,d0c1de29-06eb-4f82-8405-7ddb50fa204a,ComplianceStatus,5f1eed38-eab7-4f29-8abb-08900852ed25,78cd857d-25bf-423e-ab96-8b0bc3038bbe
10955208-55a6-4aab-9bf4-c09ed23438b1,22adb5fe-cd8e-4a6b-aa5c-fda4cea029a0,DagenTotDeadline,4f203526-4f95-45c4-bbd7-9aa4cfde09d5,26e3ba10-e1c8-4fcf-8d5e-13e2dde2cb84
10955208-55a6-4aab-9bf4-c09ed23438b1,68d31133-8f33-4ce5-a1c6-a13828a88f5f,EedAuditStatus,fa3663c1-154c-4823-8d98-81d751623c07,133097af-e0a6-4c6a-b429-bcac9f42c978
10955208-55a6-4aab-9bf4-c09ed23438b1,d4a782c3-9246-4101-b547-3ecc42d5fc41,EnergiePrestatieEpc,c2f55772-a975-4783-adf8-ed8646c528ff,d9993b26-d573-4e86-8d23-7e7cb40e596f
10955208-55a6-4aab-9bf4-c09ed23438b1,34b12ad3-5d72-4d62-bd0c-9e9174b547d6,KadastraalNummer,45f3f67a-12b0-44c2-9a64-d3ba45ef020f,30a41b60-0903-4263-b248-5f39762a83d6
10955208-55a6-4aab-9bf4-c09ed23438b1,e8317f26-2079-41d3-986d-04e495ba2370,RisicoCategorie,887f64d1-d868-4eff-9382-9f436cf810c7,a1a7c959-aaab-496b-b886-8522d61a5c25
10955208-55a6-4aab-9bf4-c09ed23438b1,48225d5d-206f-4958-ba06-42387e2aa2ee,Subtype,b0ef9956-17f2-4d7f-bff2-ba26a8952c7c,f3acb8c6-37d8-4b6c-bc43-17d6b735e9cd
10955208-55a6-4aab-9bf4-c09ed23438b1,b60313e0-4792-4e1f-91c1-67702aafd0cf,VolgendeKeuring,9675199f-99ba-40be-b835-78585cd5503e,18e64895-3312-42da-aede-1beb426aaae6
190e3ef1-2bc7-4084-927e-77c424631739,b135fd2f-ef49-49ee-a959-9ad24802fa9b,Cluster,df924529-32dc-44d9-8311-ff39d2ce89e0,7dffd257-3550-4024-a53c-069976b9108f
190e3ef1-2bc7-4084-927e-77c424631739,3b05ecb7-548f-46d3-9c7f-fc862feaaa82,ComplianceStatus,5f1eed38-eab7-4f29-8abb-08900852ed25,4fb9a51d-346f-4706-8c0a-6efc804bd89f
190e3ef1-2bc7-4084-927e-77c424631739,69bc3588-99ac-4054-95e0-6919cde37100,DagenTotDeadline,4f203526-4f95-45c4-bbd7-9aa4cfde09d5,66cc047a-b382-4f7e-b760-759b47b38979
190e3ef1-2bc7-4084-927e-77c424631739,167e7981-8ea5-4570-a839-640791ed5754,Subtype,b0ef9956-17f2-4d7f-bff2-ba26a8952c7c,1e190323-157e-420d-967e-8c42e019fd52
190e3ef1-2bc7-4084-927e-77c424631739,db4b8c15-e6d9-48c5-aac5-b0068e717759,VolgendeKeuring,9675199f-99ba-40be-b835-78585cd5503e,bff1ff0d-cff8-4615-a7c7-0411a43f5eeb
1bc5ca78-c42d-4744-8230-5c38230447b9,a60fa362-2d60-48c7-a9f0-1d71936e6ecc,Cluster,df924529-32dc-44d9-8311-ff39d2ce89e0,1c98de45-0af8-473a-ae97-b2911c280ddc
1bc5ca78-c42d-4744-8230-5c38230447b9,22b5b9e2-d96b-46b1-9ee5-32642f531b02,ComplianceStatus,5f1eed38-eab7-4f29-8abb-08900852ed25,90a2bdef-7e42-4053-9663-91e36e499e61
1bc5ca78-c42d-4744-8230-5c38230447b9,a4e2c9e5-3ad5-4fe1-95e9-0ec0947f1b30,DagenTotDeadline,4f203526-4f95-45c4-bbd7-9aa4cfde09d5,a4f1fe99-2b92-4c91-93b3-83db55f6ed6d
1bc5ca78-c42d-4744-8230-5c38230447b9,f76246b8-4800-45d2-8049-defb6723a1e8,Subtype,b0ef9956-17f2-4d7f-bff2-ba26a8952c7c,1c21cc6a-4c55-4303-b353-1f9d1f6d6f54
1bc5ca78-c42d-4744-8230-5c38230447b9,a5ce6270-a848-4d2b-b45d-dabf198a6015,VolgendeKeuring,9675199f-99ba-40be-b835-78585cd5503e,705413f4-f367-4717-9339-4a570f5d5878
1e596a29-f98e-41b8-b903-b88a30567c7c,4242fe8e-d55a-4ba4-99ae-06a045c4cfbd,AantalWerknemers,b575b7f6-fb66-4e98-a721-b08111ecd7bc,470920b6-3ea8-4279-8839-b2324a05fa2a
1e596a29-f98e-41b8-b903-b88a30567c7c,918d862e-39dd-46ad-a2ea-fda1cf130ab2,AriePlichtig,d82b79e5-c554-46ec-a147-ba7863cceefc,25e66cee-6bc5-43c2-8e20-ec093c46c8ac
1e596a29-f98e-41b8-b903-b88a30567c7c,6f1d64b2-8a8e-4a86-a051-1c764925c274,Cluster,df924529-32dc-44d9-8311-ff39d2ce89e0,ccb1106b-846d-4cef-83a8-4bd201cb0378
1e596a29-f98e-41b8-b903-b88a30567c7c,8bb09ccd-2760-4302-9e76-e6b2899e95a9,ComplianceStatus,5f1eed38-eab7-4f29-8abb-08900852ed25,04a790f3-06ea-4e4a-88c8-c640e889a520
1e596a29-f98e-41b8-b903-b88a30567c7c,9662e410-e120-4187-adca-8f31713fadbd,DagenTotDeadline,4f203526-4f95-45c4-bbd7-9aa4cfde09d5,f57d1146-ad6d-41b0-b4c9-e484c62eebca
1e596a29-f98e-41b8-b903-b88a30567c7c,c21d04c9-658c-415b-8007-598d0d400cf3,OrganisatieType,41fb6f90-cede-47b8-9f6a-e8e611fbec1c,2ce3a920-f9e9-46af-ab4e-08a0aa6bfd8b
1e596a29-f98e-41b8-b903-b88a30567c7c,c70e7283-7d7b-476d-ab82-855390966858,RieGeldigTot,f9f34211-9d59-4ea3-8e23-6120b72e73fe,49e6422a-c5c8-469a-b125-7b0f10d796a8
1e596a29-f98e-41b8-b903-b88a30567c7c,b27a0456-2d37-4455-8f81-edbb34907553,RieToetser,01fc9fc2-647f-4a8f-9d59-24cf64b25bd6,54b1c57e-6668-4a2c-a742-78fe02e4d6cc
1e596a29-f98e-41b8-b903-b88a30567c7c,b360080b-34f5-4d9e-a29f-abbfd29204ae,RieVersie,1b680e14-6f9e-4f4d-8c97-7a708b0b476b,af1fe21d-c36e-46b2-9bc8-d0ffb4090f30
1e596a29-f98e-41b8-b903-b88a30567c7c,8bf8bb73-18d9-4120-91db-ad361d3517eb,Subtype,b0ef9956-17f2-4d7f-bff2-ba26a8952c7c,f5b101d9-c8ef-4867-92e0-a7afd11fbc4a
1e596a29-f98e-41b8-b903-b88a30567c7c,216c3315-57ca-497c-bb6c-67cb253ed9e7,VolgendeKeuring,9675199f-99ba-40be-b835-78585cd5503e,d445081e-12b0-4745-aeea-57eafa5420bc
1ed73ffd-6c22-4e7a-83d6-111e9ac69ff0,f25cdec2-482e-40a3-b520-8190207846d5,Cluster,df924529-32dc-44d9-8311-ff39d2ce89e0,431deb2c-8977-4ff8-a4bf-dba305c4c216
1ed73ffd-6c22-4e7a-83d6-111e9ac69ff0,d8776f76-711b-4e51-87f5-b5bbec2e80ed,ComplianceStatus,5f1eed38-eab7-4f29-8abb-08900852ed25,05c9d3e2-34ac-47fc-8975-27ce2b28549c
1ed73ffd-6c22-4e7a-83d6-111e9ac69ff0,40bd0774-745f-467c-9026-dbee177bd8d2,DagenTotDeadline,4f203526-4f95-45c4-bbd7-9aa4cfde09d5,72243a89-1854-4db8-b4f9-05bb88998c2d
1ed73ffd-6c22-4e7a-83d6-111e9ac69ff0,c0cc752c-0008-4dc5-a0d2-5f12a5d57a5d,Subtype,b0ef9956-17f2-4d7f-bff2-ba26a8952c7c,cf1f01e3-7717-4eff-8e4d-b2ec173115ac
1ed73ffd-6c22-4e7a-83d6-111e9ac69ff0,770118bd-3d76-4a34-88ac-06db11afdee9,VolgendeKeuring,9675199f-99ba-40be-b835-78585cd5503e,f0b7e740-d53c-423f-9124-8a92efd4ebb9
267a3144-518e-4f22-a89f-72246f9c8d83,a1da70a6-ec63-4268-96aa-e968db75b07a,Cluster,df924529-32dc-44d9-8311-ff39d2ce89e0,4b4a50c0-efc4-4e91-b20e-5c057256535c
267a3144-518e-4f22-a89f-72246f9c8d83,40fd576e-4350-45cd-91af-b9adb7bb3e1c,ComplianceStatus,5f1eed38-eab7-4f29-8abb-08900852ed25,98b5998a-e4ea-4c71-9e9f-036eae339aaa
267a3144-518e-4f22-a89f-72246f9c8d83,41762a4b-be0e-4237-871e-c290c3ac2df4,DagenTotDeadline,4f203526-4f95-45c4-bbd7-9aa4cfde09d5,c392405a-6928-4681-bd7d-3a9f48fbdea2
267a3144-518e-4f22-a89f-72246f9c8d83,753e2ff9-e1d6-4673-9fe3-e662e2a49c87,Subtype,b0ef9956-17f2-4d7f-bff2-ba26a8952c7c,29ab431d-d352-4823-a334-743517cf5c06
267a3144-518e-4f22-a89f-72246f9c8d83,9ea9ebde-58a9-4e04-b803-481de794c1f3,VolgendeKeuring,9675199f-99ba-40be-b835-78585cd5503e,2d9d80be-30b4-40dc-9cd7-289813ded597
2c662787-4827-4ac0-aebb-fe1ce490d31b,3f79cdce-3101-41da-b68b-4dd23f7013d3,AantalBrandkranen,6bd4fa01-7855-4700-8152-c052706bd5a0,d45d2e13-e8d7-499e-bcec-5d15984bf08f
2c662787-4827-4ac0-aebb-fe1ce490d31b,32200c4b-eeec-4bfc-925f-a66439f6a01a,BwvVoorzieningType,659fa3d1-fdde-4380-a05f-3a2ec030978a,2701756d-6f68-4b9e-a46c-783f4dda4362
2c662787-4827-4ac0-aebb-fe1ce490d31b,5549a1f7-11b9-4db3-96e1-3b37f6d6dce1,Capaciteit_m3h,c3012219-a13e-439d-bd71-7ef54aab6950,4c6755b2-baa7-4dc3-8f85-3da95742f8e1
2c662787-4827-4ac0-aebb-fe1ce490d31b,e356e441-287d-468c-8e33-0553b5e8d270,Cluster,df924529-32dc-44d9-8311-ff39d2ce89e0,5157ad49-e489-4f69-a1a4-a07fb7b69c71
2c662787-4827-4ac0-aebb-fe1ce490d31b,14eee605-344d-4e27-b59b-e76616db5877,ComplianceStatus,5f1eed38-eab7-4f29-8abb-08900852ed25,3dec8f2e-134f-46e2-a97c-d96042e490bd
2c662787-4827-4ac0-aebb-fe1ce490d31b,dfd5bd8e-e2fa-41da-aff1-a9396ea789a0,DagenTotDeadline,4f203526-4f95-45c4-bbd7-9aa4cfde09d5,51b84161-85c8-4960-8390-72091186985b
2c662787-4827-4ac0-aebb-fe1ce490d31b,4adf7372-570b-4983-9679-325438e6824d,Subtype,b0ef9956-17f2-4d7f-bff2-ba26a8952c7c,762605c1-c304-408e-8962-5bcff651230d
2c662787-4827-4ac0-aebb-fe1ce490d31b,4d06fc58-a597-4cc0-a116-2b081b09e865,VolgendeKeuring,9675199f-99ba-40be-b835-78585cd5503e,32d19061-21a7-4934-a32b-90ed417b61b5
30c40ce4-e7a7-4ea1-b2e2-fa35ab9ba61c,6e1b72d2-8d7b-40d0-b460-c7b8d9c481ae,BorgCertificeringen,7162a547-d30f-47a2-bbb2-f6013c5cb808,857c87fe-b625-401f-b277-0d284fecfa73
30c40ce4-e7a7-4ea1-b2e2-fa35ab9ba61c,c81fbbe6-2a0a-414a-bccb-7fee1edf691d,BorgVervaldatum,229e3e83-a07f-4a1f-b071-c09da7201eb8,e29590b5-4afb-4c28-93cc-b270ad9bc2de
30c40ce4-e7a7-4ea1-b2e2-fa35ab9ba61c,9fd69a2c-0d81-4fd8-b4c5-4f2a38da94f3,BorgVrkiRisicoklasse,b5b02cb9-c0a8-46ac-8102-dbcc91f5cfc0,1ee128b8-41c8-4104-ab32-1ac41af664c8
30c40ce4-e7a7-4ea1-b2e2-fa35ab9ba61c,89c9121b-4c80-4c8a-ae61-138a3d59655a,Cluster,df924529-32dc-44d9-8311-ff39d2ce89e0,902a8e37-b9bb-4196-b525-723c36ecc322
30c40ce4-e7a7-4ea1-b2e2-fa35ab9ba61c,641ad8cc-7685-4b39-adb1-8839ac120a3d,ComplianceStatus,5f1eed38-eab7-4f29-8abb-08900852ed25,ccc039a7-1f83-46e5-9963-39f110d447af
30c40ce4-e7a7-4ea1-b2e2-fa35ab9ba61c,17684180-f5a7-4def-ab47-a16d1fdba4df,DagenTotDeadline,4f203526-4f95-45c4-bbd7-9aa4cfde09d5,57a49e4a-d928-45c0-a825-cebd80ff01d4
30c40ce4-e7a7-4ea1-b2e2-fa35ab9ba61c,b4886898-ddff-4d14-a355-8ce49c927035,LaatsteInspectieDatum,765b3c0b-3939-4838-8193-8843fff86d62,34e03c0a-57dd-4f5d-a7f3-e3c46f0182c2
30c40ce4-e7a7-4ea1-b2e2-fa35ab9ba61c,177adf4c-7367-4946-abc8-a64a6ab8d300,Subtype,b0ef9956-17f2-4d7f-bff2-ba26a8952c7c,fd02ee21-293e-4002-93f4-378bb7d42e96
30c40ce4-e7a7-4ea1-b2e2-fa35ab9ba61c,7fde256b-73f6-49b5-af20-55f98abf5f1b,VolgendeKeuring,9675199f-99ba-40be-b835-78585cd5503e,a28cbc90-88e0-4fd7-9fa1-3169a1583fbf
34cf0c12-69ec-48d0-b091-6b1634d44a87,393834cd-b420-424e-bfc4-40a5e781bd30,Cluster,df924529-32dc-44d9-8311-ff39d2ce89e0,c046d6a9-4ae1-4056-abdb-4f2ac0083ee9
34cf0c12-69ec-48d0-b091-6b1634d44a87,39ea9032-6b6c-4273-bd81-5b80c45078ab,ComplianceStatus,5f1eed38-eab7-4f29-8abb-08900852ed25,bfd03bc6-ee0d-44a3-86cd-24d9d7684cff
34cf0c12-69ec-48d0-b091-6b1634d44a87,aa81b060-912b-4131-86b6-d47502c11780,DagenTotDeadline,4f203526-4f95-45c4-bbd7-9aa4cfde09d5,6da88754-74bd-422d-a696-55cc6aa9e9b0
34cf0c12-69ec-48d0-b091-6b1634d44a87,00cf34f7-70b6-4bfa-896a-04e9864a8820,Subtype,b0ef9956-17f2-4d7f-bff2-ba26a8952c7c,308d05a0-bc35-4e43-8dc9-d4b23b72345e
34cf0c12-69ec-48d0-b091-6b1634d44a87,40e0dafb-2ea9-4fad-9ad2-236efa710c01,VolgendeKeuring,9675199f-99ba-40be-b835-78585cd5503e,c3552032-aa1b-4628-b631-15622d02e592
4526027b-3a61-4650-bc2b-17092f8123fa,5ff9857c-a031-4fc5-8c62-9c5a665093c7,Cluster,df924529-32dc-44d9-8311-ff39d2ce89e0,42d3fcf9-af3c-4f17-aa16-3fb5c486b4db
4526027b-3a61-4650-bc2b-17092f8123fa,adefd77a-753e-4f99-bf4d-3d3c06c3ca6e,ComplianceStatus,5f1eed38-eab7-4f29-8abb-08900852ed25,835d2529-d5e3-4601-8141-3943914a1760
4526027b-3a61-4650-bc2b-17092f8123fa,fddeedf9-04eb-432e-adea-f5fb06560c9a,DagenTotDeadline,4f203526-4f95-45c4-bbd7-9aa4cfde09d5,2a3e5a4c-9812-4857-b024-0b78e6e33493
4526027b-3a61-4650-bc2b-17092f8123fa,02689fa6-fedc-45f2-86ba-1b594bc8e55c,Subtype,b0ef9956-17f2-4d7f-bff2-ba26a8952c7c,d6f972d2-8102-41b0-af45-f2033c89297f
4526027b-3a61-4650-bc2b-17092f8123fa,8baca15c-b14f-40d6-9c98-4043bcd69dc1,VolgendeKeuring,9675199f-99ba-40be-b835-78585cd5503e,874c6d3b-2463-4bab-8080-52fb099d814f
4535f188-a14c-4bc7-8d44-56a20fb35637,dc395252-3c40-4b0c-82f9-946a42263687,AkiCertificaatNr,f958e889-9181-49b3-bf9e-f25b1fff5d88,a2eb1cfa-8afd-43dc-a0c4-dcc8d663d924
4535f188-a14c-4bc7-8d44-56a20fb35637,e415a64a-656f-4dfb-ab38-c47be10483c0,Categorie,246430a4-05eb-4e14-a295-a2e72e93df9b,311cc9e5-d019-497d-a4e8-e70aa4573343
4535f188-a14c-4bc7-8d44-56a20fb35637,e926f7fd-1bb9-4941-aa95-190a1e0cd2dd,Cluster,df924529-32dc-44d9-8311-ff39d2ce89e0,c98c970d-1239-4854-9e05-e03acf3abb16
4535f188-a14c-4bc7-8d44-56a20fb35637,ae2c5d82-f91a-4cb5-965f-37a1e549e14d,ComplianceStatus,5f1eed38-eab7-4f29-8abb-08900852ed25,97056e32-7d56-4df8-979f-2ab218e58fd9
4535f188-a14c-4bc7-8d44-56a20fb35637,4e391a11-6225-4ead-b779-44cb1ccc7933,DagenTotDeadline,4f203526-4f95-45c4-bbd7-9aa4cfde09d5,a2ab60d0-c4d3-4067-991b-59b700734322
4535f188-a14c-4bc7-8d44-56a20fb35637,5551c059-b349-404e-98c5-d423b29d2766,DoormeldingBrandweer,d8a98565-f5b3-4eb6-94a8-4e218c0cf7eb,a613e190-adb2-4f6f-ac6b-51070e5e96e2
4535f188-a14c-4bc7-8d44-56a20fb35637,26e7e1f9-0a43-42c0-bc40-db7d1e1307f5,RasNummer,d314f32c-ca44-47cf-943a-daef3a689cc6,e871e897-69f0-4bed-9895-c91cf37542aa
4535f188-a14c-4bc7-8d44-56a20fb35637,da9c7347-9013-4e6f-ab1f-bad60ac8454e,Subtype,b0ef9956-17f2-4d7f-bff2-ba26a8952c7c,a3d0fb85-2b9d-4690-aae5-d88ea2ec2974
4535f188-a14c-4bc7-8d44-56a20fb35637,fd4cd673-51c8-46ac-b16e-9aa07ae387e6,VolgendeKeuring,9675199f-99ba-40be-b835-78585cd5503e,552c55fe-b6ec-41fd-8771-be583fb59bb4
4535f188-a14c-4bc7-8d44-56a20fb35637,811b43f7-91bd-4365-be31-32507aacc823,WettelijkRegime,06aa75dd-b758-4fee-841a-9e7ee1c519ae,b891fe30-86e5-4a94-aab3-8438c528e5b3
4bce6d19-9a50-4505-b85d-aef2b7f64330,de6d1697-db94-4dc4-ad71-e5b3daad5b9e,Breedte,a39a867e-00f9-4a2a-b4c9-ee08fd3f73ab,7a5ced41-13b0-4e79-868b-e4c54180da6e
4bce6d19-9a50-4505-b85d-aef2b7f64330,777f6e4a-1a72-4797-8dfe-045e614ac70d,Cluster,df924529-32dc-44d9-8311-ff39d2ce89e0,3f1c3faa-f895-4efe-8778-7b3b62250e85
4bce6d19-9a50-4505-b85d-aef2b7f64330,8fea2ed7-0bf3-4d59-83ec-40bcd27ae076,ComplianceStatus,5f1eed38-eab7-4f29-8abb-08900852ed25,cf4b6a5b-af4f-4822-99f0-4be8128720ab
4bce6d19-9a50-4505-b85d-aef2b7f64330,4cc68168-d0c8-4287-9836-dcf6b37d21e4,DagenTotDeadline,4f203526-4f95-45c4-bbd7-9aa4cfde09d5,0cf16ef1-9083-42ac-af29-87200a461529
4bce6d19-9a50-4505-b85d-aef2b7f64330,1fecdf1b-3692-4aec-aac0-d3598ea386d2,NooduitgangSluitingType,a6795d3a-0b4d-4e13-86df-eb97031d4697,12c57881-61da-402a-a6a0-6cae03d4c017
4bce6d19-9a50-4505-b85d-aef2b7f64330,f1372232-83ac-416c-9d04-3085368317b4,Subtype,b0ef9956-17f2-4d7f-bff2-ba26a8952c7c,a651a155-fbaf-4793-b30d-bbbbe153b9d3
4bce6d19-9a50-4505-b85d-aef2b7f64330,05b8b3ba-d19b-425a-b60c-7be4151e3367,Tijdvertraging,1667c2ac-d06e-4c8b-8f32-aacd7293782d,078d6f19-b0c4-4d93-8237-05c25dd0467e
4bce6d19-9a50-4505-b85d-aef2b7f64330,e10080cd-5a11-4ee6-a1ed-82b14f82215b,VolgendeKeuring,9675199f-99ba-40be-b835-78585cd5503e,939182c1-008f-4dbb-9113-b666c20ac9af
4ee4e328-cda4-43c0-b1e4-392c16c62518,06b6ff55-2384-4bdc-901d-74024215bd85,BedieningLocatie,633c6f88-dca5-423a-abf1-a659253e49d9,f655478d-6bbc-4b17-bc7f-b33a20394dbf
4ee4e328-cda4-43c0-b1e4-392c16c62518,cf87ec30-c18d-4d61-bd49-5c94cd5b72cc,Betreedbaar,aa71bb5a-f282-4961-a42b-0fed518b1724,9a062f25-1738-4870-99dc-a3bbe8ae37ad
4ee4e328-cda4-43c0-b1e4-392c16c62518,ab0b0cb1-a855-44b7-91f1-df61f9306531,Cluster,df924529-32dc-44d9-8311-ff39d2ce89e0,fdbd0f5b-d2fb-43b2-85aa-69452426df54
4ee4e328-cda4-43c0-b1e4-392c16c62518,69b82a0a-f4ed-4e35-a819-5c9b5231ddf4,ComplianceStatus,5f1eed38-eab7-4f29-8abb-08900852ed25,768600cc-870a-4440-b886-02e369fd97f1
4ee4e328-cda4-43c0-b1e4-392c16c62518,3263837b-3247-47fd-b0be-3635700b1050,DagenTotDeadline,4f203526-4f95-45c4-bbd7-9aa4cfde09d5,49f9af4c-9e4d-4c2f-a6fb-a60efa728a2f
4ee4e328-cda4-43c0-b1e4-392c16c62518,f5cac539-7a7b-474e-8050-61a6c8e9da63,NominaleBelasting,54505094-1381-4458-a08d-5e26d44df828,d10812cd-d943-4b2c-a7b8-a856d8ab8994
4ee4e328-cda4-43c0-b1e4-392c16c62518,67835b54-1913-4f54-a34e-757b74d092c1,Subtype,b0ef9956-17f2-4d7f-bff2-ba26a8952c7c,0024da6d-6051-4f54-9fc8-dacb8a5e0a08
4ee4e328-cda4-43c0-b1e4-392c16c62518,564dbb01-ebcd-4dfa-b048-aaeaca886eda,VolgendeKeuring,9675199f-99ba-40be-b835-78585cd5503e,d8251fa4-b6b5-44b2-99aa-3faab94c06d8
50e8d54d-c052-4fd6-9de9-c23fc29aec77,45d16d02-1e40-461c-a642-d641369c9a49,Cluster,df924529-32dc-44d9-8311-ff39d2ce89e0,2c80f92a-9105-40be-9525-dc1f6ef7ae29
50e8d54d-c052-4fd6-9de9-c23fc29aec77,7fcab759-3407-48ca-b209-051e11891f44,ComplianceStatus,5f1eed38-eab7-4f29-8abb-08900852ed25,f552a168-0998-4873-9796-a4dddad8bd0e
50e8d54d-c052-4fd6-9de9-c23fc29aec77,86b54996-8998-4a3d-9a69-5667dea6186c,DagenTotDeadline,4f203526-4f95-45c4-bbd7-9aa4cfde09d5,4652582b-ef73-4170-8af0-adef17d875d5
50e8d54d-c052-4fd6-9de9-c23fc29aec77,b037bbab-8720-4d78-964b-a2501c620582,DoormeldingBrandweer,d8a98565-f5b3-4eb6-94a8-4e218c0cf7eb,d2bc53fe-f911-4cb2-94cb-0f9e87e93887
50e8d54d-c052-4fd6-9de9-c23fc29aec77,c388993d-11f8-4958-8be4-3443645ccd9f,SikbKlasse,ba161b61-cadb-4d07-b863-c7e9041557ad,7bf63759-0f3b-4fc6-ba25-e05dae9e9778
50e8d54d-c052-4fd6-9de9-c23fc29aec77,fac482bd-1ba9-478e-96b9-88540c4d62a1,Subtype,b0ef9956-17f2-4d7f-bff2-ba26a8952c7c,7ee8d5ba-8c83-4339-b510-e44d8cdc6727
50e8d54d-c052-4fd6-9de9-c23fc29aec77,41b04c94-b9b3-4bcb-a6b9-8ae24a5440b7,VloeistofdichtType,13aec1d7-cc98-49c1-9520-f9f4a7a3e775,1064e03e-0b8b-415c-b305-46e3f88964b0
50e8d54d-c052-4fd6-9de9-c23fc29aec77,d99e9db2-4602-41d6-ba5a-540dd7419a01,VolgendeKeuring,9675199f-99ba-40be-b835-78585cd5503e,6aaf2b84-aea2-4bef-b4e3-4c7d744afc08
50e8d54d-c052-4fd6-9de9-c23fc29aec77,4b21403f-d41f-47dc-a9b0-ec7d7d12da77,WettelijkRegime,06aa75dd-b758-4fee-841a-9e7ee1c519ae,06f0363a-71e8-4564-9c64-d5989b032454
5487e678-b6e5-4832-b175-72f1549d0ff0,b7b23de5-93dd-43d0-a27f-86d1d9d690e5,Cluster,df924529-32dc-44d9-8311-ff39d2ce89e0,2a17b941-b49d-4f8e-9dae-71ded94e89b5
5487e678-b6e5-4832-b175-72f1549d0ff0,a4fb812e-cd0d-495b-b921-e003b17fe025,ComplianceStatus,5f1eed38-eab7-4f29-8abb-08900852ed25,277b487a-d333-487f-aae3-6ee4e49ae120
5487e678-b6e5-4832-b175-72f1549d0ff0,e5241255-e20e-471f-936b-35a7dbcc9ff5,DagenTotDeadline,4f203526-4f95-45c4-bbd7-9aa4cfde09d5,820372b6-549a-4ba9-b5de-1c8b118653aa
5487e678-b6e5-4832-b175-72f1549d0ff0,8f1b2af8-64ab-42f6-972f-9df344458e1f,Subtype,b0ef9956-17f2-4d7f-bff2-ba26a8952c7c,c007bec3-3ae3-4240-bb6c-e5aae175a0d9
5487e678-b6e5-4832-b175-72f1549d0ff0,9782ba55-038b-4cf1-b22b-d21b36d5e9b0,VolgendeKeuring,9675199f-99ba-40be-b835-78585cd5503e,000dc082-5fb5-496d-a4ea-eb5686ae2690
5798ddef-39aa-4522-9a72-eb176e539411,902b60d5-adb1-4e65-9e74-4a47dc94c18b,Cluster,df924529-32dc-44d9-8311-ff39d2ce89e0,b12f6166-1503-4a72-ab03-3d850cdd4eb3
5798ddef-39aa-4522-9a72-eb176e539411,c3dc3286-0ec8-4a78-806d-fddb5c35f85b,ComplianceStatus,5f1eed38-eab7-4f29-8abb-08900852ed25,8cb370e3-2f53-4111-9e63-c2d44141909c
5798ddef-39aa-4522-9a72-eb176e539411,b8949679-1cc8-4496-ac6e-05c2f07f376d,DagenTotDeadline,4f203526-4f95-45c4-bbd7-9aa4cfde09d5,4323e405-94d4-452b-81af-f0a4220001de
5798ddef-39aa-4522-9a72-eb176e539411,793ca444-2d50-41e3-be3a-0e8327abb9e1,Subtype,b0ef9956-17f2-4d7f-bff2-ba26a8952c7c,8d8731c6-c913-4001-afca-bcabbd2b1da1
5798ddef-39aa-4522-9a72-eb176e539411,bbd58c72-508c-4b0e-b182-5a5283a0992a,VolgendeKeuring,9675199f-99ba-40be-b835-78585cd5503e,e68ec11c-08df-476f-9d51-bb4fb2f2a839
6cd0abc1-d75e-4a0b-9ccf-8f296e02168a,161341d6-06c7-4a1b-8ccf-8a52f0d1effb,Cluster,df924529-32dc-44d9-8311-ff39d2ce89e0,5d262455-5b3e-486c-82bd-5cab4ccd1958
6cd0abc1-d75e-4a0b-9ccf-8f296e02168a,5070199b-a0ec-4db9-8368-5527d8d299ff,ComplianceStatus,5f1eed38-eab7-4f29-8abb-08900852ed25,7b55268e-e7f8-4738-b426-1e048800a36f
6cd0abc1-d75e-4a0b-9ccf-8f296e02168a,b8bf4dda-1d27-44f5-8fb8-14c5f4c57980,DagenTotDeadline,4f203526-4f95-45c4-bbd7-9aa4cfde09d5,6e0171e5-bd41-48c8-ae95-b80a4ed27c81
6cd0abc1-d75e-4a0b-9ccf-8f296e02168a,eb3871cd-d2ce-46ef-94f3-2b6b4d8244a6,Subtype,b0ef9956-17f2-4d7f-bff2-ba26a8952c7c,07edae24-9b05-4962-aebe-319f93ffaacf
6cd0abc1-d75e-4a0b-9ccf-8f296e02168a,49c71b62-2b7e-4595-ba27-61d277230ca9,VolgendeKeuring,9675199f-99ba-40be-b835-78585cd5503e,8937cea8-6f10-4ae2-b60c-fbddddcd7682
6eae5487-a8ba-422e-b549-c72874d2a151,48226ccc-ce5a-4688-8aed-0a034488efd3,Cluster,df924529-32dc-44d9-8311-ff39d2ce89e0,b9416919-7201-4d1d-b4ac-9a36db9fcbec
6eae5487-a8ba-422e-b549-c72874d2a151,917fd22d-7663-4949-82c8-4b8ec944fca3,ComplianceStatus,5f1eed38-eab7-4f29-8abb-08900852ed25,7fa6a5fa-bed3-4608-8474-ebfef9cfcbbf
6eae5487-a8ba-422e-b549-c72874d2a151,4f14022c-bfa1-4b84-8a07-bb43320474b6,DagenTotDeadline,4f203526-4f95-45c4-bbd7-9aa4cfde09d5,66b3b845-2c71-48d1-a5d7-50f4451a7668
6eae5487-a8ba-422e-b549-c72874d2a151,17c4ff50-683d-4e0d-afa6-6239cb01916d,DoormeldingBrandweer,d8a98565-f5b3-4eb6-94a8-4e218c0cf7eb,f7807d2e-8cfa-4fe2-88c5-75a73d3fb413
6eae5487-a8ba-422e-b549-c72874d2a151,c9f2493b-4549-45e7-9d30-b5dd1dbe8cf8,Subtype,b0ef9956-17f2-4d7f-bff2-ba26a8952c7c,043a8263-75a1-46b5-bbc0-688ddd944115
6eae5487-a8ba-422e-b549-c72874d2a151,429b9647-b90c-4e61-833b-07afaa6e6f15,VolgendeKeuring,9675199f-99ba-40be-b835-78585cd5503e,42cf4c02-9b80-485b-a50e-39ec26f76ba3
6eae5487-a8ba-422e-b549-c72874d2a151,4afd9799-73e6-4ab5-8599-d3521bef58d5,WettelijkRegime,06aa75dd-b758-4fee-841a-9e7ee1c519ae,d595d587-ec33-42e1-9bb8-866f9a94ad16
70e35ca8-34ab-402b-8c8e-0767478bbe4a,2cb07e73-4ffa-4462-8016-47ef7cb86317,Cluster,df924529-32dc-44d9-8311-ff39d2ce89e0,87bfa462-b27e-4099-b1fc-47ef4d8f3d4c
70e35ca8-34ab-402b-8c8e-0767478bbe4a,72be6b38-82a8-4509-a4cc-05bb25bbe1a5,ComplianceStatus,5f1eed38-eab7-4f29-8abb-08900852ed25,d5d016b6-5585-4858-ab80-c21bf4bdda30
70e35ca8-34ab-402b-8c8e-0767478bbe4a,d82b794f-a52a-488b-aaa4-014ce9d1b5a9,DagenTotDeadline,4f203526-4f95-45c4-bbd7-9aa4cfde09d5,881b5ff3-db91-4db4-8d6a-c83269942005
70e35ca8-34ab-402b-8c8e-0767478bbe4a,99f49fe6-f1ea-4d86-aa46-35c2e05db687,Subtype,b0ef9956-17f2-4d7f-bff2-ba26a8952c7c,2e492905-da09-41e7-b914-78fcf130a2ed
70e35ca8-34ab-402b-8c8e-0767478bbe4a,a8e13a14-2488-421c-bdcc-e74c3f06b238,VolgendeKeuring,9675199f-99ba-40be-b835-78585cd5503e,9250180d-055d-4bcd-9ac7-1d48a00ae5d7
74adc85b-e583-4990-969a-e99bc1462127,3c541fbc-988b-4a55-be38-4f1fe80cadcc,Cluster,df924529-32dc-44d9-8311-ff39d2ce89e0,03eee37c-408b-44c4-b3b5-e59d43ca2eb5
74adc85b-e583-4990-969a-e99bc1462127,ace2e093-f42d-40b7-a94c-ea6914cfae65,ComplianceStatus,5f1eed38-eab7-4f29-8abb-08900852ed25,604b03f5-2c02-4d21-bf1d-c36079cce617
74adc85b-e583-4990-969a-e99bc1462127,10274051-1b3e-4d6d-96da-d3abe21b7125,DagenTotDeadline,4f203526-4f95-45c4-bbd7-9aa4cfde09d5,e777cf99-10e6-42ed-8119-5ee867af20e8
74adc85b-e583-4990-969a-e99bc1462127,04e677cf-7171-4f33-bec6-6e23375a653d,Subtype,b0ef9956-17f2-4d7f-bff2-ba26a8952c7c,d2b3bb88-894a-4fee-ba7e-f83fff7502af
74adc85b-e583-4990-969a-e99bc1462127,8f206e33-39ae-450d-baff-8e233564e070,VolgendeKeuring,9675199f-99ba-40be-b835-78585cd5503e,2a8606eb-7e87-434e-bda0-284fc1d44a5a
77db6ef8-d07a-4990-b3e9-34fea4ec658c,94c63496-232c-41c7-b732-28f9865d1b49,Cluster,df924529-32dc-44d9-8311-ff39d2ce89e0,8e7f02b2-ce55-4e0b-ad72-5df4979fd4e6
77db6ef8-d07a-4990-b3e9-34fea4ec658c,c767a064-80be-499f-9265-1bbbb5fa5cb0,ComplianceStatus,5f1eed38-eab7-4f29-8abb-08900852ed25,495cf3e3-8977-4baa-9901-2fdb093ec861
77db6ef8-d07a-4990-b3e9-34fea4ec658c,bab6371b-0173-4487-9623-13d3d0f2e77b,DagenTotDeadline,4f203526-4f95-45c4-bbd7-9aa4cfde09d5,7591e345-e0d1-4965-97c2-353391d3218b
77db6ef8-d07a-4990-b3e9-34fea4ec658c,3f7d7ece-8b20-4575-8fbc-d0b457c7235f,Subtype,b0ef9956-17f2-4d7f-bff2-ba26a8952c7c,b7687285-87a0-452a-88ce-e6ba01d38f56
77db6ef8-d07a-4990-b3e9-34fea4ec658c,6546d2b4-83e7-4c37-8d27-3086cd1556bb,VolgendeKeuring,9675199f-99ba-40be-b835-78585cd5503e,b89c7ade-2cfa-475d-b847-47b2b66b1d19
7a1755c3-129c-4ab8-a66a-baf25350aa7f,3ae3471e-a552-435b-9442-367f6aaa6bc0,Capaciteit_kg,4edf75fe-bd53-4e23-8633-051b1d0c87a1,99b726bd-2be0-4f43-83db-f6f447293d55
7a1755c3-129c-4ab8-a66a-baf25350aa7f,9334eb73-84d5-4038-b56b-69e0174d2565,Cluster,df924529-32dc-44d9-8311-ff39d2ce89e0,b5e69131-ec32-436f-a20a-3750e5405727
7a1755c3-129c-4ab8-a66a-baf25350aa7f,cd9a77c4-907b-4dc1-9efd-a7df9c1798e3,ComplianceStatus,5f1eed38-eab7-4f29-8abb-08900852ed25,64ff74ae-dcb4-4e42-ab4c-d0ca98e09666
7a1755c3-129c-4ab8-a66a-baf25350aa7f,3c7687a2-f81c-443d-a376-ed0d0e88b1bc,DagenTotDeadline,4f203526-4f95-45c4-bbd7-9aa4cfde09d5,98a41188-4048-4b16-ad84-6b9b159eb5f1
7a1755c3-129c-4ab8-a66a-baf25350aa7f,c8e8def5-adfa-4c0d-83eb-bc32ca7c1cc2,Ontvluchtingsroute,24ee0ade-1088-4f15-8337-2ae8012d554c,a8130f7a-9ecd-4030-8b16-32d1b8de7135
7a1755c3-129c-4ab8-a66a-baf25350aa7f,cecfbcb8-29d8-42d1-97f6-fbca889ffa08,ProfessioneelGebruik,4d945696-4571-418f-b65e-d7334682cfa3,041ebb9e-8e23-4166-88e8-423a937567b2
7a1755c3-129c-4ab8-a66a-baf25350aa7f,994abdc4-90a7-4ecf-b47c-dc50417b38e4,Subtype,b0ef9956-17f2-4d7f-bff2-ba26a8952c7c,0b8e151b-98ef-42fe-8a64-b5ae4bb1d30e
7a1755c3-129c-4ab8-a66a-baf25350aa7f,aabbd388-705f-46c6-b1ac-14b831dbed72,TransportSubtype,d030fdf0-90e2-4043-8a48-05db6537cb7f,8b699066-341c-4dd7-aaac-aeb0a96c7194
7a1755c3-129c-4ab8-a66a-baf25350aa7f,30008fa5-2d20-42a8-b98b-bced3698ad46,VolgendeKeuring,9675199f-99ba-40be-b835-78585cd5503e,27ad9116-4844-468c-9e51-dc1e72723689
80fd2065-253e-474f-b961-b58cf8879ebf,d1def8e8-c594-41b4-9afc-70d5b5f1fa64,Cluster,df924529-32dc-44d9-8311-ff39d2ce89e0,a4669236-5653-4bb1-8d57-e22975aba1c7
80fd2065-253e-474f-b961-b58cf8879ebf,4ec1d0ec-86fd-4ff8-a8f5-8dc0d263876b,ComplianceStatus,5f1eed38-eab7-4f29-8abb-08900852ed25,58d26e07-d868-43db-9f67-13bb6a8329d5
80fd2065-253e-474f-b961-b58cf8879ebf,050c0e3d-1898-454a-a249-37d03874d303,DagenTotDeadline,4f203526-4f95-45c4-bbd7-9aa4cfde09d5,8a9ac631-89c7-4c0c-bfdc-f5f204036cc5
80fd2065-253e-474f-b961-b58cf8879ebf,e24eb69b-ca34-4561-b98f-49314fcf9f87,DoormeldingBrandweer,d8a98565-f5b3-4eb6-94a8-4e218c0cf7eb,2c3f0494-877a-47a8-bc75-b41386e880cc
80fd2065-253e-474f-b961-b58cf8879ebf,949552c4-2ca8-494a-a0e0-2c79a10bbc41,Energielabel,70748f64-8f89-4680-a730-b9a63908e468,084769c1-dcd2-4dd7-ad3d-7af98ccf7180
80fd2065-253e-474f-b961-b58cf8879ebf,f3d19d83-0f88-4a70-b53f-62444e106b3b,EnergielabelGeldigTot,fe2f24f7-0218-41eb-80b1-fcf3371fe9d2,1c73839b-4de3-4074-a5bd-db5cb39bce5d
80fd2065-253e-474f-b961-b58cf8879ebf,0df5acc7-9d07-4cdf-80eb-01575f74b945,Gacs,959a052b-059f-4e9c-9e1f-06d151cb942f,1a1d4bb8-64e2-4abe-aed9-752454c4010f
80fd2065-253e-474f-b961-b58cf8879ebf,76643e99-553a-4cc1-9fd6-9ee8083077ab,Subtype,b0ef9956-17f2-4d7f-bff2-ba26a8952c7c,9afdbf72-bc80-4852-8140-2959b9802916
80fd2065-253e-474f-b961-b58cf8879ebf,017da67d-51ee-40c4-9b12-11f6cb7dfc41,VolgendeKeuring,9675199f-99ba-40be-b835-78585cd5503e,c7b52f38-96c5-4013-9256-7b0d4941d4f4
80fd2065-253e-474f-b961-b58cf8879ebf,958bc4a7-4afc-4ec3-8fc6-ec0d84b44e71,WettelijkRegime,06aa75dd-b758-4fee-841a-9e7ee1c519ae,958682cd-d19e-47aa-8cf8-e43d47c6bea4
80fd2065-253e-474f-b961-b58cf8879ebf,4f3c32ba-2887-4e21-a568-a33ac6d1e433,ZebStatus,c73ea5a1-24b9-4a69-86d2-3048ae8399d8,ade81093-f2e3-445a-b833-3a73ec8f6c2f
8262f549-6401-45d7-8d99-578a6bd0e60b,1bffd6e4-3170-4541-ae80-2b2d20c2fd58,AtexTypeGevaar,a7b604e8-438a-424f-9db9-21f9b2426bce,97a2af57-69de-4f8b-9ff7-c540f38226eb
8262f549-6401-45d7-8d99-578a6bd0e60b,99f7d5e2-e100-4083-8c08-3158d622c16f,Cluster,df924529-32dc-44d9-8311-ff39d2ce89e0,f6936375-2a0b-4ff6-8a32-eb27160d07d0
8262f549-6401-45d7-8d99-578a6bd0e60b,136d6090-4ee7-466a-b42e-ff9e26d8402b,ComplianceStatus,5f1eed38-eab7-4f29-8abb-08900852ed25,4957e196-c381-4a9b-8030-9efe54e51e40
8262f549-6401-45d7-8d99-578a6bd0e60b,043ff163-8dec-4ad1-ae10-57e5db98be74,DagenTotDeadline,4f203526-4f95-45c4-bbd7-9aa4cfde09d5,edaa173c-9a15-41c8-98f9-a8a26998505d
8262f549-6401-45d7-8d99-578a6bd0e60b,72ed7af3-f106-4030-95e6-745dad87f6f4,GevarenzoneIndeling,8b61b4ee-aab1-48a7-85b7-a8f868b05267,18fedd0c-452b-4d27-8cd4-53f89bd3170f
8262f549-6401-45d7-8d99-578a6bd0e60b,35264601-0566-4bbc-ada9-8301cb6c2673,LaatsteInspectieDatum,765b3c0b-3939-4838-8193-8843fff86d62,f225370e-563b-43ad-9aff-8c00e67600d7
8262f549-6401-45d7-8d99-578a6bd0e60b,75a95dfe-5aec-46f6-bb03-61b87cea6b31,Subtype,b0ef9956-17f2-4d7f-bff2-ba26a8952c7c,5f5be56c-8afa-435b-be4a-90b76e2c5d71
8262f549-6401-45d7-8d99-578a6bd0e60b,1f79650a-1be2-4e55-ae01-01d56bdf8b42,VolgendeKeuring,9675199f-99ba-40be-b835-78585cd5503e,95a47a31-70f8-4559-8c8b-2ea56a6320b3
85a74b2a-b3e0-4a32-a9d8-3841ea864267,e72b6720-c3de-40cd-bacc-eb6d03ab7817,Cluster,df924529-32dc-44d9-8311-ff39d2ce89e0,9ec595fd-0423-4e68-bea4-0e14ad8aca5a
85a74b2a-b3e0-4a32-a9d8-3841ea864267,11bc584a-05f4-4bd1-8262-4607a006c356,ComplianceStatus,5f1eed38-eab7-4f29-8abb-08900852ed25,405dda13-659e-4575-a132-0d0e4c5eded4
85a74b2a-b3e0-4a32-a9d8-3841ea864267,9bbc4250-43d1-4368-9736-c4bb97c2908c,DagenTotDeadline,4f203526-4f95-45c4-bbd7-9aa4cfde09d5,bb352f75-b7df-4565-8764-b91106c367d7
85a74b2a-b3e0-4a32-a9d8-3841ea864267,68b65640-6682-476f-bdff-700490a9b3cf,Subtype,b0ef9956-17f2-4d7f-bff2-ba26a8952c7c,37de1b5e-8552-47b5-80f3-1d20dbbf4118
85a74b2a-b3e0-4a32-a9d8-3841ea864267,9a1d2755-d393-46df-b60d-0498a2afa57d,VolgendeKeuring,9675199f-99ba-40be-b835-78585cd5503e,eebe6ec3-6219-4cf6-a111-d7a046579830
87ae7897-7aa5-474c-a273-5a6489a83a22,ec4f3a5a-5a03-4ffc-a32f-24813926eea0,Capaciteit_lpm,6c8553de-9d7f-4c8a-8887-72a583011956,bd367de1-a878-4d3b-9585-010a52908232
87ae7897-7aa5-474c-a273-5a6489a83a22,1b3399a0-4976-448a-b3f0-38b6d6811959,Cluster,df924529-32dc-44d9-8311-ff39d2ce89e0,d95b5fe8-9c72-4584-bf22-72c2026005d6
87ae7897-7aa5-474c-a273-5a6489a83a22,db67538e-c2da-481f-85dd-d9407df6e117,ComplianceStatus,5f1eed38-eab7-4f29-8abb-08900852ed25,c43adc2b-0287-4560-bb6c-185f7d3046c8
87ae7897-7aa5-474c-a273-5a6489a83a22,eaebbf8c-5e44-4ae0-a8e7-3c302f8aab10,DagenTotDeadline,4f203526-4f95-45c4-bbd7-9aa4cfde09d5,5622c88c-60af-4bb7-aa3c-4936881a9779
87ae7897-7aa5-474c-a273-5a6489a83a22,ae61d8cf-be08-4883-a551-2244999f1e88,DraaiurenPerJaar,5c390b62-3ec9-4ded-94e5-62e0ffb780db,e216990d-57a9-4b46-96c6-fed46648fcc1
87ae7897-7aa5-474c-a273-5a6489a83a22,e611af3d-507d-44fc-bdbf-2d3a90214dba,Subtype,b0ef9956-17f2-4d7f-bff2-ba26a8952c7c,d92e85b3-93a8-4e77-b714-c020cc7b5510
87ae7897-7aa5-474c-a273-5a6489a83a22,60a361be-2690-4d8a-83bc-4684b3a5e461,VolgendeKeuring,9675199f-99ba-40be-b835-78585cd5503e,bb9fdba6-fc36-41c6-b007-e6fff7fe2992
8fa0ed6a-83ee-495f-9ff1-07923cbe7478,1a291d5d-2e8d-4425-b47c-d2edb3667cb9,Blusstoftype,42930a9b-4de7-48fb-904b-d6619e28dc80,55d7b31a-a7e6-402b-9fb6-60e88f53d5cc
8fa0ed6a-83ee-495f-9ff1-07923cbe7478,726b8012-5920-4549-909d-7862656c9816,Cluster,df924529-32dc-44d9-8311-ff39d2ce89e0,c5aca024-1b03-438c-a078-412b954aaff2
8fa0ed6a-83ee-495f-9ff1-07923cbe7478,1db59faa-5fe1-4ce6-820d-1e3185c059f0,ComplianceStatus,5f1eed38-eab7-4f29-8abb-08900852ed25,6ed35aed-8111-404b-bd83-4dd28aec1622
8fa0ed6a-83ee-495f-9ff1-07923cbe7478,691ede64-72af-495b-9710-0a6dea64afdc,DagenTotDeadline,4f203526-4f95-45c4-bbd7-9aa4cfde09d5,e064b7eb-ca52-417d-962c-d4982c36ba35
8fa0ed6a-83ee-495f-9ff1-07923cbe7478,d15160fd-9228-4910-b99e-850419f7f862,Gewicht,06f077b1-a3b3-4f16-864d-c8842c8cb5de,e7f621f6-6fcc-4c47-a96e-cb9a49661c76
8fa0ed6a-83ee-495f-9ff1-07923cbe7478,9951e7e9-1713-4f44-82f3-d8a258a243aa,Inhoud_liter,c4cd8785-c48c-41aa-b37a-059f840993ab,1fe94d28-aad1-4cfe-8d6a-072729800e00
8fa0ed6a-83ee-495f-9ff1-07923cbe7478,028b5c1c-5008-4851-8c55-8fc2803763bc,Subtype,b0ef9956-17f2-4d7f-bff2-ba26a8952c7c,1aa9e3a3-4823-4bba-940e-552311a5a161
8fa0ed6a-83ee-495f-9ff1-07923cbe7478,22b8e74d-3308-4e67-96e2-724c7e393a8c,VolgendeKeuring,9675199f-99ba-40be-b835-78585cd5503e,2ad1ac09-ba9d-42bb-819e-026dd72ee734
9101c1ba-ce00-44b7-8b3d-3f046f15385a,bd181f79-2211-447b-84e9-2bf241b06e6a,Cluster,df924529-32dc-44d9-8311-ff39d2ce89e0,cbcb7c24-38c1-45df-ab58-9fb7dbb750e9
9101c1ba-ce00-44b7-8b3d-3f046f15385a,52c9eb70-94b3-4d63-85fb-a90d9c48c717,ComplianceStatus,5f1eed38-eab7-4f29-8abb-08900852ed25,6460589a-c7a9-4010-b799-ed5834537256
9101c1ba-ce00-44b7-8b3d-3f046f15385a,e8667dae-9db6-47e8-be59-236d103a0e30,DagenTotDeadline,4f203526-4f95-45c4-bbd7-9aa4cfde09d5,4a85df6d-4008-4bab-95bd-a12d07f4602d
9101c1ba-ce00-44b7-8b3d-3f046f15385a,2d9d5612-18e1-4cb7-a48e-d58c318825a3,RookbeheersingAantalKleppenLuiken,ea7d1ee6-1d88-4105-8dd7-cfe1a5fbcbdc,6b3e2121-b2c1-41ab-8d59-789b7f3b735a
9101c1ba-ce00-44b7-8b3d-3f046f15385a,a98053ed-750f-4540-ba79-2572c8e24ed4,RookbeheersingType,0ebf2b79-4d9c-4076-a122-0a1a012c5140,90af366d-3af2-419e-9d89-b585a94c8325
9101c1ba-ce00-44b7-8b3d-3f046f15385a,aa1a1ea7-4302-40bf-b828-86e3f8c33ab8,Subtype,b0ef9956-17f2-4d7f-bff2-ba26a8952c7c,baecb79f-7181-4ece-8fa0-fb48ae76e4d7
9101c1ba-ce00-44b7-8b3d-3f046f15385a,10ee2993-4f17-46df-9b3b-5ab685d986ae,VolgendeKeuring,9675199f-99ba-40be-b835-78585cd5503e,4cb1cb96-2a3f-4399-8ad7-578ea9e82467
990cb518-c56a-482c-b1c7-79bf29feb058,18ccfb2b-518e-4c69-a505-1e9854d55860,Cluster,df924529-32dc-44d9-8311-ff39d2ce89e0,39fe3f85-6ecf-481d-b974-46090f46b643
990cb518-c56a-482c-b1c7-79bf29feb058,72610e8b-1ef7-4ef5-a481-f292a8d0fbeb,ComplianceStatus,5f1eed38-eab7-4f29-8abb-08900852ed25,0202084a-ac62-4dc0-b142-8dd391428fbb
990cb518-c56a-482c-b1c7-79bf29feb058,6c686d54-c8e0-418f-b591-825dea0736cd,DagenTotDeadline,4f203526-4f95-45c4-bbd7-9aa4cfde09d5,d1c17737-d9f0-4f30-bd91-0b8c2334e6f8
990cb518-c56a-482c-b1c7-79bf29feb058,0d6d7fc8-08f1-4541-ab93-77b6f3992659,Gebruiksintensiteit,84e3f39f-326f-43b7-94be-f633984b3ce2,4949985b-a9a2-499a-bf6f-b257b5af9324
990cb518-c56a-482c-b1c7-79bf29feb058,7892136f-6242-41e7-a1bd-a2e2d484e7b4,Subtype,b0ef9956-17f2-4d7f-bff2-ba26a8952c7c,fa8265ad-981c-4147-be50-ee033221aea6
990cb518-c56a-482c-b1c7-79bf29feb058,3f78aa4a-64c9-4b13-aca3-a1a123bb4c94,TransportSubtype,d030fdf0-90e2-4043-8a48-05db6537cb7f,faf74988-52fe-4129-9926-ca2d75077c3e
990cb518-c56a-482c-b1c7-79bf29feb058,27c918dc-e892-4a19-abe9-2718bcf6518e,VolgendeKeuring,9675199f-99ba-40be-b835-78585cd5503e,c5f35320-5652-4554-9687-c71c9b4ea8a2
9a2d57a5-b283-45bd-8913-d0d8f024d1a1,fa9c5aaa-79ec-44b5-8f86-e8c8faafd739,Cluster,df924529-32dc-44d9-8311-ff39d2ce89e0,d37e5c3c-6b63-4b1c-832d-d72e32716711
9a2d57a5-b283-45bd-8913-d0d8f024d1a1,2ba7e39e-c33a-4be8-857b-0b2d09f42429,ComplianceStatus,5f1eed38-eab7-4f29-8abb-08900852ed25,23d3f98e-ecbe-4601-b13d-eb2033bc28e4
9a2d57a5-b283-45bd-8913-d0d8f024d1a1,d4dbb432-8995-4afb-afb4-87682ed60eb9,DagenTotDeadline,4f203526-4f95-45c4-bbd7-9aa4cfde09d5,2267698e-7693-49b6-a8a7-a0372ee8a0b7
9a2d57a5-b283-45bd-8913-d0d8f024d1a1,99eb31be-6343-4585-9765-8b8f7ef26234,Subtype,b0ef9956-17f2-4d7f-bff2-ba26a8952c7c,d411cff0-325e-4022-b589-c997d784740f
9a2d57a5-b283-45bd-8913-d0d8f024d1a1,d1dbdf4e-e519-4b07-9989-5457ce00f1c3,VolgendeKeuring,9675199f-99ba-40be-b835-78585cd5503e,4b13c441-4491-4f1e-89a5-3fdfebbf6190
9efbb9e9-2f23-43f1-9ca4-c069adf08422,eca2095f-2c81-4433-bea3-1529b025b728,CeMarkering,ea70b315-5599-459a-8985-3ecf9db3ea8f,55a0b12f-ea41-472f-a866-186016eb232d
9efbb9e9-2f23-43f1-9ca4-c069adf08422,26bc00c8-c3dd-4e64-a074-ad0be38cad37,Cluster,df924529-32dc-44d9-8311-ff39d2ce89e0,0b017e24-6117-4fa5-81c7-07f9f083fb4f
9efbb9e9-2f23-43f1-9ca4-c069adf08422,d9804f23-e32b-4621-8cca-365eb3f3c345,ComplianceStatus,5f1eed38-eab7-4f29-8abb-08900852ed25,03531fd9-207c-42b5-939d-fd39e80ee6c9
9efbb9e9-2f23-43f1-9ca4-c069adf08422,78299338-a29c-4a2f-a558-c3ca48154fa3,DagenTotDeadline,4f203526-4f95-45c4-bbd7-9aa4cfde09d5,24076f30-0f12-400f-9d4e-b6e32eb59928
9efbb9e9-2f23-43f1-9ca4-c069adf08422,dd5e6655-a218-49a8-9f5c-1c33afd16baa,Draairichting,0f8035e3-3d99-4176-8f93-ad81ca8f50c6,3233e6b5-15e7-480c-9c92-2f1475fbe0ba
9efbb9e9-2f23-43f1-9ca4-c069adf08422,b2cb0c71-adb2-4b07-8177-64aaf77d55ea,LaatsteInspectieDatum,765b3c0b-3939-4838-8193-8843fff86d62,78983ef6-b231-4a2f-9164-8c261fab08fe
9efbb9e9-2f23-43f1-9ca4-c069adf08422,69f30e18-55e2-49fd-990c-45ba21a47c53,Subtype,b0ef9956-17f2-4d7f-bff2-ba26a8952c7c,2e64225d-d1f0-4fed-ad1f-9fa143a58c97
9efbb9e9-2f23-43f1-9ca4-c069adf08422,a982a4b7-6160-4477-848b-cfe709454a5b,VolgendeKeuring,9675199f-99ba-40be-b835-78585cd5503e,1ee8d7bd-d194-4811-a44f-1d5ec825b1fb
a0d02e0a-6aff-4bf4-82b5-5b772564e915,06912d65-1430-47e1-8d4b-1cff1ff238bb,Cluster,df924529-32dc-44d9-8311-ff39d2ce89e0,0830dded-5352-4fd0-8ece-6f7c9de6305f
a0d02e0a-6aff-4bf4-82b5-5b772564e915,8bcdc3e9-7f76-4c0f-b065-4b4639bd0783,ComplianceStatus,5f1eed38-eab7-4f29-8abb-08900852ed25,64fa1d98-9950-4746-98f0-480bca45112e
a0d02e0a-6aff-4bf4-82b5-5b772564e915,3bdb1210-1c5b-4225-8e09-43d4465249e6,DagenTotDeadline,4f203526-4f95-45c4-bbd7-9aa4cfde09d5,d2195617-4289-41ac-a886-432c5e13c69f
a0d02e0a-6aff-4bf4-82b5-5b772564e915,8a4ed8a8-7b5d-408e-a8fa-f748c0f0dd65,Subtype,b0ef9956-17f2-4d7f-bff2-ba26a8952c7c,51237265-81df-453f-bceb-a15ddae463df
a0d02e0a-6aff-4bf4-82b5-5b772564e915,b216a5d1-a575-4272-8998-a97357043e43,VolgendeKeuring,9675199f-99ba-40be-b835-78585cd5503e,7eb841d3-7e53-4bc6-a009-7c699288ab74
a2da264c-7084-4e3e-9fa9-6c7648d43ef9,f7a2cb4b-43d3-4cd5-9eb6-8bdab9522185,Cluster,df924529-32dc-44d9-8311-ff39d2ce89e0,10ccd34e-5357-4727-a80c-0edd623a3e7c
a2da264c-7084-4e3e-9fa9-6c7648d43ef9,afd7d0f0-3c78-4fbd-b748-7cd23477c0f5,ComplianceStatus,5f1eed38-eab7-4f29-8abb-08900852ed25,6f0b8052-15ba-4f93-b527-a232a275b5ae
a2da264c-7084-4e3e-9fa9-6c7648d43ef9,d511148f-b5bb-4f5a-bbe7-4113946f01cc,DagenTotDeadline,4f203526-4f95-45c4-bbd7-9aa4cfde09d5,b9838608-ad72-42c9-8996-bd959c379c36
a2da264c-7084-4e3e-9fa9-6c7648d43ef9,d76d286e-fc3d-4f1e-96ed-72f472d10fb2,Subtype,b0ef9956-17f2-4d7f-bff2-ba26a8952c7c,753aa2c8-d308-4246-b3f0-2cba018a3794
a2da264c-7084-4e3e-9fa9-6c7648d43ef9,2532d3b9-a21a-4cf4-8847-1def3e50b3e4,VolgendeKeuring,9675199f-99ba-40be-b835-78585cd5503e,cd62d3e0-7e28-4592-883d-3ea0d3f111be
a56b3d25-ba18-4642-a49a-a3e23ddd413f,3085209f-3413-4771-8a32-9201d751a384,Cluster,df924529-32dc-44d9-8311-ff39d2ce89e0,d6b88207-1a2a-4ffa-a95e-274b5c4b6e20
a56b3d25-ba18-4642-a49a-a3e23ddd413f,a63cf1a9-4f0c-4403-94a2-dd307b6045d6,ComplianceStatus,5f1eed38-eab7-4f29-8abb-08900852ed25,1ffe6189-5c49-4570-99ed-8919e47eb05b
a56b3d25-ba18-4642-a49a-a3e23ddd413f,b5992c67-45d8-45b9-8f5b-8c2a21a42e52,DagenTotDeadline,4f203526-4f95-45c4-bbd7-9aa4cfde09d5,11b1cea6-c611-41b9-ad4f-03c4cf51b411
a56b3d25-ba18-4642-a49a-a3e23ddd413f,dfcc4c0e-01bd-4b2d-851b-37e88ec83c5c,Subtype,b0ef9956-17f2-4d7f-bff2-ba26a8952c7c,723bf82b-b817-4e85-9bb3-42befa5f1d53
a56b3d25-ba18-4642-a49a-a3e23ddd413f,13e7ff35-e1b3-4051-9c4f-bc616a7c343b,VolgendeKeuring,9675199f-99ba-40be-b835-78585cd5503e,876f44b1-6ebf-465f-8e30-e710141392c7
a5dc6009-7550-4f3d-bbba-7837d38b2807,6d553cc0-bf98-43c4-86d8-fe52810846c9,Cluster,df924529-32dc-44d9-8311-ff39d2ce89e0,0e2bd1af-2661-4b9b-bd5d-263d6172db54
a5dc6009-7550-4f3d-bbba-7837d38b2807,314d08c0-6769-4b93-9820-7ca9afbbd767,ComplianceStatus,5f1eed38-eab7-4f29-8abb-08900852ed25,16db49ed-4350-4623-99aa-906d84c60915
a5dc6009-7550-4f3d-bbba-7837d38b2807,83267cb1-efdc-4733-8667-491f1bb4dade,DagenTotDeadline,4f203526-4f95-45c4-bbd7-9aa4cfde09d5,a8c3ccf5-d9b7-44e0-a0a2-cc12acc419c9
a5dc6009-7550-4f3d-bbba-7837d38b2807,28c167a7-baf0-4a13-abc2-d85847423e99,RookwerendheidKlasse,a465d0e9-71ca-4f5c-a6cc-18ef339d74f9,56a15ae9-4aff-45ce-88de-aa562478106d
a5dc6009-7550-4f3d-bbba-7837d38b2807,0277019d-cd41-476c-a3cd-01fd023e6fec,ScheidingMateriaal,c5370411-753e-41ac-ae6b-f16f24e0cd01,9b8d67d0-e63e-4001-8440-a1d0b11d4552
a5dc6009-7550-4f3d-bbba-7837d38b2807,df65d88a-1044-4bd8-84e8-1de9690db34c,ScheidingType,ea7a06f4-48da-489b-8784-707d5de80a9b,c40e3500-452f-40cb-80c1-3a522dd68616
a5dc6009-7550-4f3d-bbba-7837d38b2807,b4cc7260-8305-4ea3-ac48-72273f5f7a5d,Subtype,b0ef9956-17f2-4d7f-bff2-ba26a8952c7c,061227c5-aa09-4bdf-a189-76a790dec411
a5dc6009-7550-4f3d-bbba-7837d38b2807,79f8fade-fecf-41df-a1a3-70454dc29d23,VolgendeKeuring,9675199f-99ba-40be-b835-78585cd5503e,485cfed0-dfba-436c-8cf3-bc05b5e72198
a5dc6009-7550-4f3d-bbba-7837d38b2807,a4a8c84f-a458-4665-ba93-6d1f4483a4b5,WbdboEis,b54d8176-0969-4013-8cdc-55cccb733ee0,3c3389fc-eea4-43a2-91f5-d0db63dc4d86
a7c635ec-261e-4438-927b-102224f4de95,f2fa698f-91c7-4523-9edb-168fbb9de542,BmiKoppeling,f300af4a-d8ca-4794-a53e-08a93d7c6a83,e452e489-90bb-4317-9c00-8b34eff108b4
a7c635ec-261e-4438-927b-102224f4de95,5edfe4ad-aec2-4496-a943-6ca59dbb3caf,Cluster,df924529-32dc-44d9-8311-ff39d2ce89e0,8827eae3-096e-478b-b1cc-11ec2e88e0e2
a7c635ec-261e-4438-927b-102224f4de95,0a850e6a-4a49-47d1-bfb9-91e77dbb9cc4,Communicatiemiddel,435dbf62-c6f4-4e23-947c-db5bc0003daf,1bc036b9-c772-4e45-88e2-fa18d51cef7b
a7c635ec-261e-4438-927b-102224f4de95,ee79d608-ad2b-4cc0-beaa-bd08f3815606,ComplianceStatus,5f1eed38-eab7-4f29-8abb-08900852ed25,a5b9c5fc-2c8f-422b-b6a9-d3c2b04856bd
a7c635ec-261e-4438-927b-102224f4de95,9cf84f33-ddf7-4361-a155-376cb996401c,DagenTotDeadline,4f203526-4f95-45c4-bbd7-9aa4cfde09d5,b537e4ba-7017-471b-88e5-ccd010e6ab6a
a7c635ec-261e-4438-927b-102224f4de95,5cf4c099-b52e-4b5a-bc47-97ffd7ee4819,DoormeldingBrandweer,d8a98565-f5b3-4eb6-94a8-4e218c0cf7eb,6f01644c-d1aa-4603-ba6e-40a5a92148f2
a7c635ec-261e-4438-927b-102224f4de95,da52a494-a358-4a74-9e95-414236dd369c,Noodvoeding,53e8bd79-1d30-4b94-9a90-abf974022eb4,48aab784-182b-40a1-a575-ce8d578ae88f
a7c635ec-261e-4438-927b-102224f4de95,717e80cd-fc84-4ec0-91ef-180aa94523e0,PziToepassing,3fa55aa9-5186-4597-b489-63b7932b0042,fe0c5973-fbfb-4817-b65e-6cc1580643c8
a7c635ec-261e-4438-927b-102224f4de95,ef5f55a5-4ecc-4be5-862d-ea667e26c5d1,Subtype,b0ef9956-17f2-4d7f-bff2-ba26a8952c7c,33d6cf54-b0a5-4d8d-8f32-164ee7f5e2b4
a7c635ec-261e-4438-927b-102224f4de95,c2e7eaee-e2e3-4450-9587-f029a5d191b0,VolgendeKeuring,9675199f-99ba-40be-b835-78585cd5503e,37ffeac3-7b54-4a16-bcb1-b4a3c470c809
aa7d6db3-b724-4b93-8d66-9f546b6b93ed,c0be6d4d-058b-47ca-b0ba-2c28d1d16931,Cluster,df924529-32dc-44d9-8311-ff39d2ce89e0,273cf37f-d0d3-40e1-a48d-c7dd804c8adf
aa7d6db3-b724-4b93-8d66-9f546b6b93ed,8d9a1594-b48d-4430-981d-a8b3ab0e3974,ComplianceStatus,5f1eed38-eab7-4f29-8abb-08900852ed25,a780743c-8d76-4906-9492-79b59f647562
aa7d6db3-b724-4b93-8d66-9f546b6b93ed,afa8167c-68fd-4c60-8815-51976a0a3acb,DagenTotDeadline,4f203526-4f95-45c4-bbd7-9aa4cfde09d5,d080c08e-f84b-4262-b42b-0ce5d5501f38
aa7d6db3-b724-4b93-8d66-9f546b6b93ed,b4c2f70e-62f5-4890-8b3d-8f473112b0c2,LaatsteInspectieDatum,765b3c0b-3939-4838-8193-8843fff86d62,f77a2aa4-f4d4-45de-a98a-cad4413f53e7
aa7d6db3-b724-4b93-8d66-9f546b6b93ed,1b3873b1-2ddb-4919-a33d-da89f70f10e6,PiIntervalMonths,2f169444-0a23-41f0-91eb-fd75202d8316,dd9cf1c9-2d3f-45b6-842a-bae14a389213
aa7d6db3-b724-4b93-8d66-9f546b6b93ed,207096f3-fd45-4300-b3f4-9717badf1a4c,RiskClassification,4a97ed39-47cd-47a6-81c3-781227499a1d,82d59173-2617-41e6-a9bc-12eddb7bcccc
aa7d6db3-b724-4b93-8d66-9f546b6b93ed,41829bb8-b455-401c-923b-69ddeb3c0550,Subtype,b0ef9956-17f2-4d7f-bff2-ba26a8952c7c,b0844b8b-603f-4735-8e44-d447c35fa44b
aa7d6db3-b724-4b93-8d66-9f546b6b93ed,8549bcc2-fd5f-47d2-ae2e-cb759dad63d3,VolgendeKeuring,9675199f-99ba-40be-b835-78585cd5503e,0ea8d7b5-909f-466f-a98c-3a869ba08f7b
ab94959d-7c8f-4daf-85a1-dde1a68fbce3,f395217b-d906-4f44-b88a-ba1292bf759c,Cluster,df924529-32dc-44d9-8311-ff39d2ce89e0,fa2617a3-b1aa-48bc-b2c1-1d21537e15a7
ab94959d-7c8f-4daf-85a1-dde1a68fbce3,76d3937e-0dae-4fcf-ba16-969f05d80884,ComplianceStatus,5f1eed38-eab7-4f29-8abb-08900852ed25,41d0e4c1-7f43-41de-a3a4-ab299537a5dd
ab94959d-7c8f-4daf-85a1-dde1a68fbce3,ef8eb4db-355e-4c5a-ba07-a6c62ec02011,DagenTotDeadline,4f203526-4f95-45c4-bbd7-9aa4cfde09d5,1cd52eca-77b6-43a3-91fd-73778cfc693a
ab94959d-7c8f-4daf-85a1-dde1a68fbce3,dfff5f6c-ce62-47f9-a809-01fe70ccf4ed,Subtype,b0ef9956-17f2-4d7f-bff2-ba26a8952c7c,6a689c43-bc88-41e6-bf5a-713460f9d937
ab94959d-7c8f-4daf-85a1-dde1a68fbce3,ca982ec4-0542-48b3-8cf1-7f532baa3234,VolgendeKeuring,9675199f-99ba-40be-b835-78585cd5503e,63869582-d588-4fc6-8119-7c45d6b20993
adb9ff85-6588-442a-9aba-ca4806b57bcb,ac05380e-aaf5-45b6-9037-27ac2142ab1f,Cluster,df924529-32dc-44d9-8311-ff39d2ce89e0,b5e9d4f2-dae7-4a3f-ab9f-8a1c448c5b59
adb9ff85-6588-442a-9aba-ca4806b57bcb,2000f9d8-6a1a-4f0b-a9d0-9883de7427c0,ComplianceStatus,5f1eed38-eab7-4f29-8abb-08900852ed25,dd80e837-9dcb-4a67-b74d-68891028d537
adb9ff85-6588-442a-9aba-ca4806b57bcb,076170a8-c82b-419d-ae55-a3175ad8bbe0,DagenTotDeadline,4f203526-4f95-45c4-bbd7-9aa4cfde09d5,6bb72dc5-96dc-450a-9d37-e29d9fa73a04
adb9ff85-6588-442a-9aba-ca4806b57bcb,f10d9afe-6c63-4d1c-9ebb-ba00b126c5c0,Subtype,b0ef9956-17f2-4d7f-bff2-ba26a8952c7c,e42e31ed-a9d2-4541-9a67-506af02f4455
adb9ff85-6588-442a-9aba-ca4806b57bcb,68e947d8-8d75-4572-bc50-1a649e27513a,VolgendeKeuring,9675199f-99ba-40be-b835-78585cd5503e,753d39c7-4bc1-4eb4-9a92-763dedc30713
adf0d8f5-9480-41e7-b1fe-5592d2230884,181c219d-05c1-421f-8b62-f13a8cbc3aea,Cluster,df924529-32dc-44d9-8311-ff39d2ce89e0,39390034-1138-4bfe-a739-e160a085c578
adf0d8f5-9480-41e7-b1fe-5592d2230884,fd4cc40f-9b68-406c-aa2a-eb604b601f92,ComplianceStatus,5f1eed38-eab7-4f29-8abb-08900852ed25,c19783a7-1b8e-452c-972c-6e572547c773
adf0d8f5-9480-41e7-b1fe-5592d2230884,34468eb8-611c-4fdb-9774-34955f428e0d,DagenTotDeadline,4f203526-4f95-45c4-bbd7-9aa4cfde09d5,cc6faf80-4bc2-4936-b9c7-1873bc9b28a5
adf0d8f5-9480-41e7-b1fe-5592d2230884,fd8d8352-314d-4906-86a2-a04725dc6a4c,Subtype,b0ef9956-17f2-4d7f-bff2-ba26a8952c7c,c3177015-538d-41a8-afe1-479b25a33142
adf0d8f5-9480-41e7-b1fe-5592d2230884,79821e74-a2e2-4a98-ac33-51a3ea2e99fa,VolgendeKeuring,9675199f-99ba-40be-b835-78585cd5503e,e9dfda97-802c-4a94-949f-cb5aa38b7ac3
b0b64d0e-3387-4b21-8e66-ed61fc220918,d115951d-1289-468b-999c-40cbbd572539,CeMarkering,ea70b315-5599-459a-8985-3ecf9db3ea8f,ba056e73-0cc6-4d17-967a-f552cd5ed344
b0b64d0e-3387-4b21-8e66-ed61fc220918,8fb8b610-84d4-47bb-b61a-bd967a01c314,Cluster,df924529-32dc-44d9-8311-ff39d2ce89e0,a9634d9e-1ecc-4384-b874-9eb73b88f27d
b0b64d0e-3387-4b21-8e66-ed61fc220918,1ac3e2ae-f027-4ad1-819d-7a2b6c857c94,ComplianceStatus,5f1eed38-eab7-4f29-8abb-08900852ed25,e7e78e7d-8638-44a7-9761-9b435f922419
b0b64d0e-3387-4b21-8e66-ed61fc220918,3eff7842-180a-409b-8081-b50490b2fbb3,DagenTotDeadline,4f203526-4f95-45c4-bbd7-9aa4cfde09d5,049cfe5f-c512-4809-9a87-1d93fc643a13
b0b64d0e-3387-4b21-8e66-ed61fc220918,6fc8fba4-2375-4b2a-b242-2df8e4a1ae77,DoormeldingBrandweer,d8a98565-f5b3-4eb6-94a8-4e218c0cf7eb,40be5d69-98a3-44f5-a63c-5ca5ca7a196b
b0b64d0e-3387-4b21-8e66-ed61fc220918,ea13fcfc-519a-41a9-8f76-280607328a26,MachineVoStatus,5ff2bafb-1be3-4687-b43d-79efbe08dd01,2efa1537-5b3a-4c26-a88d-230af7773965
b0b64d0e-3387-4b21-8e66-ed61fc220918,76f1b7dc-014d-4e59-9d0c-10e24f8494f0,Subtype,b0ef9956-17f2-4d7f-bff2-ba26a8952c7c,d8e67e9c-8690-4123-835a-64bb673c657b
b0b64d0e-3387-4b21-8e66-ed61fc220918,8bfb4597-10e7-4f38-abe2-b747353069c2,VolgendeKeuring,9675199f-99ba-40be-b835-78585cd5503e,55733aef-752d-4edc-9efc-4fd246a7f52a
b0b64d0e-3387-4b21-8e66-ed61fc220918,e8d93e57-b15c-4f69-8987-ca46b34a6772,WettelijkRegime,06aa75dd-b758-4fee-841a-9e7ee1c519ae,b5beeeb6-5380-49f3-8d27-99093073da09
b18a3eb7-ac95-4afb-bfa3-f2f391e17f31,2f7b2027-3382-4d21-a809-6e5126091900,Cluster,df924529-32dc-44d9-8311-ff39d2ce89e0,8582aa54-72b4-4cb5-870e-c7432469b409
b18a3eb7-ac95-4afb-bfa3-f2f391e17f31,e5c2cd40-0415-406e-89a3-c7a620eec372,ComplianceStatus,5f1eed38-eab7-4f29-8abb-08900852ed25,2a34ae20-c905-4922-a812-d19c5b383af2
b18a3eb7-ac95-4afb-bfa3-f2f391e17f31,d6b9b2d9-ed6e-452f-a42c-45782eecfba1,DagenTotDeadline,4f203526-4f95-45c4-bbd7-9aa4cfde09d5,5a84ab94-48bb-4724-bf84-c89c86c35da6
b18a3eb7-ac95-4afb-bfa3-f2f391e17f31,bd819872-9b29-4913-8cb0-176cb5b439cb,LaatsteInspectieDatum,765b3c0b-3939-4838-8193-8843fff86d62,eb072253-8023-4251-af74-893654630521
b18a3eb7-ac95-4afb-bfa3-f2f391e17f31,49d106f9-a6e7-452a-b9e9-baf2c9fcc9c9,Subtype,b0ef9956-17f2-4d7f-bff2-ba26a8952c7c,c95cafa8-1851-4a92-a7d3-b354300d1546
b18a3eb7-ac95-4afb-bfa3-f2f391e17f31,482c32f0-d136-4ef9-beab-f994bfcd2867,Toepassing,21b662fe-2e55-4e3c-93ce-91fc26446d6b,8ea82122-c246-4c04-83ec-19490ba9dd95
b18a3eb7-ac95-4afb-bfa3-f2f391e17f31,e47f0fb1-4214-472d-9ce3-330a254843e5,Vermogensklasse,f3449660-ae91-4093-b3a7-ae070059ce2b,fc8910d4-4ca5-46be-8064-18c6295d8a58
b18a3eb7-ac95-4afb-bfa3-f2f391e17f31,a41465c1-fbd3-4e58-8af5-4c4cb6dfcc1f,VolgendeKeuring,9675199f-99ba-40be-b835-78585cd5503e,108b20b8-fe7e-41c8-b30f-e816cd125ec8
b1ace471-7943-40c7-be7c-733899f62239,e34d8947-a03b-40f0-90eb-9c3dd7416d73,Aandrijvingtype,1683cb08-92af-41e4-8777-989d34a5861a,ca14b81c-f862-4e25-9152-15f9b529c829
b1ace471-7943-40c7-be7c-733899f62239,975a90db-8a1c-48ab-9e49-76df5c4b9002,Brandweerlift,1cbc17ac-ff3a-49ba-9064-efa9d40aff26,27865a88-5681-47d6-abad-89751896287e
b1ace471-7943-40c7-be7c-733899f62239,f161c176-91a2-4a25-ba7e-8d3b93c70629,Capaciteit_pers,681dd3dc-57d8-4206-a690-02bbd250c5f4,4cedc362-3654-42fb-8363-58f2169e0fef
b1ace471-7943-40c7-be7c-733899f62239,d0dc0f63-7e63-43f2-8974-f2df36a54842,Cluster,df924529-32dc-44d9-8311-ff39d2ce89e0,87916c09-8b14-452c-a8c8-758e3287c595
b1ace471-7943-40c7-be7c-733899f62239,a909a035-0a2d-4f5f-aa0b-d07bb45e258f,ComplianceStatus,5f1eed38-eab7-4f29-8abb-08900852ed25,e9af8602-15ad-4290-b279-1d2380c82dad
b1ace471-7943-40c7-be7c-733899f62239,ca35f799-4e79-42f2-a25d-49d0c4fd6c9d,DagenTotDeadline,4f203526-4f95-45c4-bbd7-9aa4cfde09d5,c68143d6-0baa-481e-ac95-6c9dd2fee19a
b1ace471-7943-40c7-be7c-733899f62239,d4f5fbec-4841-4d60-984f-0d458c7df433,Subtype,b0ef9956-17f2-4d7f-bff2-ba26a8952c7c,863f73ba-25fd-435c-83c8-6bdbfa109bc1
b1ace471-7943-40c7-be7c-733899f62239,b7808a5b-190e-43f4-8b27-588c168be4f0,Toegankelijk,fa2646f2-ada2-4246-9571-25b09ac79e4a,8cbc1911-309d-4a22-93d9-13cd9d7d079d
b1ace471-7943-40c7-be7c-733899f62239,c3891501-568c-461e-82a1-78cb33249f53,Vandalismebestendig,645cb965-18fd-481c-8652-d5ab6d81d4d9,64b40ab2-7e7f-4570-a6cc-0c3982120742
b1ace471-7943-40c7-be7c-733899f62239,c1ca3dfe-7986-4580-a5e2-415560ee43d0,VolgendeKeuring,9675199f-99ba-40be-b835-78585cd5503e,c36f9ba2-a895-44da-971f-8d91b2f75540
b8172929-ac2e-41ed-b0b2-d7a1b815d8eb,bf23151e-7d43-4aaf-933e-f4da23f8fd24,Aandrijvingtype,1683cb08-92af-41e4-8777-989d34a5861a,ff4c9681-bc51-4487-b3a0-557c60daea17
b8172929-ac2e-41ed-b0b2-d7a1b815d8eb,e47095b6-1f07-49a0-82f1-b89b320bfbfa,Brandweerlift,1cbc17ac-ff3a-49ba-9064-efa9d40aff26,1aa5c307-a048-46d7-9297-420a3bbf12d3
b8172929-ac2e-41ed-b0b2-d7a1b815d8eb,2ea56d6b-7865-4a8d-9162-dd56a96200f7,Capaciteit_pers,681dd3dc-57d8-4206-a690-02bbd250c5f4,eee6296b-2e49-40c8-adef-2558e005595e
b8172929-ac2e-41ed-b0b2-d7a1b815d8eb,31d22618-69a7-43cc-a456-17ff26be65dd,Cluster,df924529-32dc-44d9-8311-ff39d2ce89e0,5c33ad6e-2b8a-4687-b968-3991acefcb34
b8172929-ac2e-41ed-b0b2-d7a1b815d8eb,e1623d01-976c-4dd8-901b-94d256264819,ComplianceStatus,5f1eed38-eab7-4f29-8abb-08900852ed25,d183ae8f-80b6-4105-b897-d2e891936933
b8172929-ac2e-41ed-b0b2-d7a1b815d8eb,6e2bbdfe-f3e7-4eac-abfc-c7fb8772a486,DagenTotDeadline,4f203526-4f95-45c4-bbd7-9aa4cfde09d5,3eaf0338-5ffc-49b7-8aa5-0a0f839f506d
b8172929-ac2e-41ed-b0b2-d7a1b815d8eb,ab1c35e6-9c22-45ac-8b0d-1a6f896bb76b,Subtype,b0ef9956-17f2-4d7f-bff2-ba26a8952c7c,78f08d1f-4784-41d7-bd77-01e7d605e040
b8172929-ac2e-41ed-b0b2-d7a1b815d8eb,82b63107-b5f3-4d0f-a81c-29ce3c33eefa,Toegankelijk,fa2646f2-ada2-4246-9571-25b09ac79e4a,3912d919-48f9-49d6-ac1e-43bf6f2b4f31
b8172929-ac2e-41ed-b0b2-d7a1b815d8eb,d711fd56-07c4-4572-8854-631bba352ccb,Vandalismebestendig,645cb965-18fd-481c-8652-d5ab6d81d4d9,0707c46e-bc27-4c6b-b2c4-619fb07322a8
b8172929-ac2e-41ed-b0b2-d7a1b815d8eb,8a51f67c-b777-4be4-8250-446b578605b4,VolgendeKeuring,9675199f-99ba-40be-b835-78585cd5503e,c8726b04-5093-45f3-a172-a942ffe1835e
b8483a52-d749-43d5-9d0b-2703936e0402,5a2d4567-dafa-4ead-a386-100c107bed60,AantalCilinders,ece63ed3-9618-47a3-9f56-0ce1c9511da6,c1bdf888-b220-40d1-b50f-cd6bdd552880
b8483a52-d749-43d5-9d0b-2703936e0402,fd989bb3-67a7-4719-97d5-e01c469a637a,BeveiligedVolume,307b7fd5-15b8-4d3c-b4ae-055048ed35c3,8723b6e0-4cbb-4f22-b643-34a48cb29314
b8483a52-d749-43d5-9d0b-2703936e0402,e7c877fb-329d-4aeb-8f97-26476b5f2c43,Blusgastype,df7737aa-5a16-4398-a51e-2681ea6c59de,1b397c81-5cb2-4a8b-b239-e8bf7e49a7f0
b8483a52-d749-43d5-9d0b-2703936e0402,5d0c0a24-ca95-4146-bba8-6575a0bafc43,CilinderPedPlichtig,5ff3cf5e-c84a-4bc2-b0d9-3d2a51f73bd5,19865f5b-f7f7-4f1d-9bcd-346113185c03
b8483a52-d749-43d5-9d0b-2703936e0402,f4b5134a-4b54-4d1a-bc31-0d4a9b9dc756,Cluster,df924529-32dc-44d9-8311-ff39d2ce89e0,ff2cfc7f-b9a9-443f-99a6-8ce071f85988
b8483a52-d749-43d5-9d0b-2703936e0402,f03f9b8a-1131-431c-baff-63e819a74aa8,ComplianceStatus,5f1eed38-eab7-4f29-8abb-08900852ed25,0fb463e1-8ca0-4cce-a610-12da5d6afdf1
b8483a52-d749-43d5-9d0b-2703936e0402,39b0099b-df86-467f-b343-9eb50267a3ac,DagenTotDeadline,4f203526-4f95-45c4-bbd7-9aa4cfde09d5,c576cb00-8d05-4447-86f4-178e38a9069f
b8483a52-d749-43d5-9d0b-2703936e0402,c8d8d5a0-d77a-4028-b0d6-bfa51d065e9a,Subtype,b0ef9956-17f2-4d7f-bff2-ba26a8952c7c,72d92343-0bee-473a-a927-0da8a5162ad6
b8483a52-d749-43d5-9d0b-2703936e0402,6802ef3b-6801-4398-ada5-e6daacbcdcee,VolgendeKeuring,9675199f-99ba-40be-b835-78585cd5503e,32d8f4a8-4a22-438a-b939-5ad933d915f3
b8d330f8-3dc4-4e27-88e7-97970a62f6a8,d3598d65-e63b-4f46-937e-634addb2c6d3,Cluster,df924529-32dc-44d9-8311-ff39d2ce89e0,06a5a5f5-d18b-470b-b66c-8fa68c6c5423
b8d330f8-3dc4-4e27-88e7-97970a62f6a8,066e77bc-a368-4730-b6cf-0e925910f66a,ComplianceStatus,5f1eed38-eab7-4f29-8abb-08900852ed25,614ba34e-6c2b-4285-b475-899cc7083aff
b8d330f8-3dc4-4e27-88e7-97970a62f6a8,31d8f484-6258-4713-b077-21aab00b7635,DagenTotDeadline,4f203526-4f95-45c4-bbd7-9aa4cfde09d5,dd42348a-b505-44c3-ab48-e970e1485701
b8d330f8-3dc4-4e27-88e7-97970a62f6a8,6bd65a8b-7763-47f6-aeec-dfcc4e4176af,Subtype,b0ef9956-17f2-4d7f-bff2-ba26a8952c7c,6e9f1e97-2c10-4aab-96ef-6eda5653bfe6
b8d330f8-3dc4-4e27-88e7-97970a62f6a8,aecdf8d3-162b-4afc-aa56-cacfd7d27e9e,VolgendeKeuring,9675199f-99ba-40be-b835-78585cd5503e,c5e713e3-802a-47ed-a7c1-f6f0f0e46c5c
bc7e30db-1b6c-4fe2-aecf-33ec67a1c69e,b9766161-bf9d-474f-9522-866d48004e42,Cluster,df924529-32dc-44d9-8311-ff39d2ce89e0,737a9aa4-a1b9-4040-8841-0ecb9b5d7f1c
bc7e30db-1b6c-4fe2-aecf-33ec67a1c69e,18c21ecf-1a82-4b8c-8fdd-5f4429e687dd,ComplianceStatus,5f1eed38-eab7-4f29-8abb-08900852ed25,631ab398-34fb-4629-86f9-79844887f967
bc7e30db-1b6c-4fe2-aecf-33ec67a1c69e,99f26768-8cee-4cd3-8f61-71f68bb0f5a2,DagenTotDeadline,4f203526-4f95-45c4-bbd7-9aa4cfde09d5,60297904-a132-4c8e-9cc7-d6d15426e196
bc7e30db-1b6c-4fe2-aecf-33ec67a1c69e,5def8429-bd14-4b69-9c87-bb9c7efabbef,DoormeldingBrandweer,d8a98565-f5b3-4eb6-94a8-4e218c0cf7eb,a2f8392a-f627-4ddc-9f78-6ed38b24a80f
bc7e30db-1b6c-4fe2-aecf-33ec67a1c69e,f7161dfa-80d8-4899-baec-3e89837e38cf,Subtype,b0ef9956-17f2-4d7f-bff2-ba26a8952c7c,0e1c5555-aa85-411c-bfba-7356aa0e07a4
bc7e30db-1b6c-4fe2-aecf-33ec67a1c69e,13d70497-74a5-41f2-a97b-c522dec29f14,VolgendeKeuring,9675199f-99ba-40be-b835-78585cd5503e,69e511d7-071f-425e-a761-8c451853cea6
bc7e30db-1b6c-4fe2-aecf-33ec67a1c69e,4254d6a1-8b6b-4062-932a-6c2d9867df3e,WettelijkRegime,06aa75dd-b758-4fee-841a-9e7ee1c519ae,2bf9bdb5-5c71-4bfd-913c-dee980ecdaee
bd4c9d6d-7bc6-42ec-bbee-a0d09aa24129,cea144d0-0799-4b24-b456-8850fbd0a978,BrandwerendGlas,375f18ad-ebcf-45e4-a658-445e361a8caf,532c2d86-09e7-4bb3-ae46-0bd275df63ea
bd4c9d6d-7bc6-42ec-bbee-a0d09aa24129,f880c348-780d-4552-b702-900852d8ce40,BrandwerendheidEis,146951e4-b512-43de-84db-4a300304e8ce,e710b4ba-35b8-4e87-8600-aff003611879
bd4c9d6d-7bc6-42ec-bbee-a0d09aa24129,ef202a5d-570d-480a-bec4-1027389ba6ea,ClassificatieType,6f4ba153-3a4d-4089-acde-d91d6fd42cb8,1ae3d361-ed4e-4b95-99b3-d6701e79635b
bd4c9d6d-7bc6-42ec-bbee-a0d09aa24129,586aad0e-4750-4e98-b9b3-8b72c70c48ca,Cluster,df924529-32dc-44d9-8311-ff39d2ce89e0,7096548d-ab3c-40ca-a477-5c8bc23ba076
bd4c9d6d-7bc6-42ec-bbee-a0d09aa24129,450ca7c0-b3be-41c8-9ebb-141998460090,ComplianceStatus,5f1eed38-eab7-4f29-8abb-08900852ed25,7c63163e-2518-4468-8a39-bd942f338efe
bd4c9d6d-7bc6-42ec-bbee-a0d09aa24129,e0970c9b-b219-42a6-a528-a85df42db489,DagenTotDeadline,4f203526-4f95-45c4-bbd7-9aa4cfde09d5,ac4e5a01-7a8e-4e41-878e-b8d4eada4a4c
bd4c9d6d-7bc6-42ec-bbee-a0d09aa24129,68353c57-9e83-4728-89b9-99d02a697841,Opzwelstrip,e4584b33-4256-4f13-a8e2-4c11d2240251,66dce37c-908e-49c5-ae73-845b5c500cc6
bd4c9d6d-7bc6-42ec-bbee-a0d09aa24129,1f04a31b-00f0-4648-93ad-55b007d5c493,Sluitingstype,0d8d48a9-17a6-4c5e-9a07-f1048e1bd3b6,8b4c4f96-5723-446f-bd50-f947ea1a0d15
bd4c9d6d-7bc6-42ec-bbee-a0d09aa24129,5886b858-4c44-4d36-8552-21511b00231b,Subtype,b0ef9956-17f2-4d7f-bff2-ba26a8952c7c,02c0a9b4-82db-47f7-8175-d3668729c0f0
bd4c9d6d-7bc6-42ec-bbee-a0d09aa24129,73aa6dbd-eca8-4f07-b854-e4979649568a,VolgendeKeuring,9675199f-99ba-40be-b835-78585cd5503e,e9d572a3-a878-49bc-954b-24db9b66656e
bee354c5-6b9b-44bc-8217-b6dda010bcc5,19927022-1e0b-444d-bbdc-8f66d6a16f48,AantalWerknemers,b575b7f6-fb66-4e98-a721-b08111ecd7bc,c822d74f-e169-42d4-8a8f-bb78458e5080
bee354c5-6b9b-44bc-8217-b6dda010bcc5,7398e50c-b0dd-463f-95ec-2712ec172ebc,BhvCoordinatoren,0f841e1a-4859-4814-9dba-f58ed311a16c,4cb12198-5e75-41d4-aab7-3a9239123ce1
bee354c5-6b9b-44bc-8217-b6dda010bcc5,9840c6af-8f8f-40c2-bd33-0a94f5c74956,BhvMedewerkers,1fc63b33-6666-4e5e-89ae-c200b265c265,f7281985-7dde-40c9-a8f7-211e33cfba8d
bee354c5-6b9b-44bc-8217-b6dda010bcc5,18b152b5-d0e1-4fdc-8198-1134f71a4ea4,BhvPlanVersie,03149717-67a7-4830-a89b-27770ef307d3,4bfbea78-249a-4cf3-8ed7-46df3071845b
bee354c5-6b9b-44bc-8217-b6dda010bcc5,223e0ff8-98e0-4890-afe3-e79884967bd8,BhvRatio,c914d557-2263-4c43-932a-5d0d0fa7a5ee,4e06f9b8-45e6-4c6a-968c-8fe6a007a6a2
bee354c5-6b9b-44bc-8217-b6dda010bcc5,dd8d2365-3ed9-43f7-bc6c-a6eb09c0c916,Cluster,df924529-32dc-44d9-8311-ff39d2ce89e0,34ac29a1-a102-4838-8bed-a9c2f3ec824f
bee354c5-6b9b-44bc-8217-b6dda010bcc5,43db945b-8649-422f-8c5f-9222d6cbfcc6,ComplianceStatus,5f1eed38-eab7-4f29-8abb-08900852ed25,20de0f3d-388c-404b-a65f-76aac209ad46
bee354c5-6b9b-44bc-8217-b6dda010bcc5,bf912f6b-e4cd-4bce-ad7c-009bb2d67eb4,DagenTotDeadline,4f203526-4f95-45c4-bbd7-9aa4cfde09d5,94c5d6b8-1666-424c-827a-14321c278403
bee354c5-6b9b-44bc-8217-b6dda010bcc5,2b51b913-5e46-4b2d-bd0a-80e4abf70186,OrganisatieType,41fb6f90-cede-47b8-9f6a-e8e611fbec1c,6b33686e-4be0-482d-857c-2b9ee53cc3bb
bee354c5-6b9b-44bc-8217-b6dda010bcc5,5f1d8c82-0576-4c34-a5eb-ba0da7a9b371,Subtype,b0ef9956-17f2-4d7f-bff2-ba26a8952c7c,85d189eb-ca51-465d-8dd2-aa15c8a9d907
bee354c5-6b9b-44bc-8217-b6dda010bcc5,1382bc7f-148e-4bb3-957e-30f66db65259,VolgendeKeuring,9675199f-99ba-40be-b835-78585cd5503e,8c498ba2-abc3-41bc-89a2-4d9dd9e1744f
c1e0563a-67dd-4d0f-bf88-dc449d25e517,ae5b93e5-3970-4969-acfa-b4ae0b7d3e06,BedienerscertificaatGeldigTot,c91ebf12-40a1-420c-9a43-43e4f5e6b1e5,0b3ffc84-6de1-4b6b-b12e-7e32c57c9d68
c1e0563a-67dd-4d0f-bf88-dc449d25e517,9dfc418e-7fae-468d-84ed-56453ae8a208,BedienerscertificaatType,2efe1292-90aa-4e67-8f0a-6291a6c482db,fea571ad-fad6-4a2d-b9ef-ace53987b866
c1e0563a-67dd-4d0f-bf88-dc449d25e517,ca30589f-5f72-4c57-9ee7-103a3c43bea0,CeMarkering,ea70b315-5599-459a-8985-3ecf9db3ea8f,bcb8f939-49b8-4f19-be3c-b387eb5909c6
c1e0563a-67dd-4d0f-bf88-dc449d25e517,2acf1b9f-63ed-441e-9ec7-4e40152e372c,Cluster,df924529-32dc-44d9-8311-ff39d2ce89e0,3b4333ec-35d2-4458-949f-2d55932de74f
c1e0563a-67dd-4d0f-bf88-dc449d25e517,b7eb6529-bc46-436e-818f-d22e7951ae72,ComplianceStatus,5f1eed38-eab7-4f29-8abb-08900852ed25,7f44ec86-c71f-4e56-99b1-cb23e15e1928
c1e0563a-67dd-4d0f-bf88-dc449d25e517,e1ec6abb-7fdd-46d1-91b5-a02985651ce8,DagenTotDeadline,4f203526-4f95-45c4-bbd7-9aa4cfde09d5,2c62cd32-e5c0-4908-ac01-f497cba6f3b7
c1e0563a-67dd-4d0f-bf88-dc449d25e517,8faca6d4-5f74-45a6-a967-4c9b7f14397a,DoormeldingBrandweer,d8a98565-f5b3-4eb6-94a8-4e218c0cf7eb,661a6750-8180-40b4-baa4-f267c653ee96
c1e0563a-67dd-4d0f-bf88-dc449d25e517,9d2086b6-c7f3-49e2-9734-a42ea2b9d938,MachineVoStatus,5ff2bafb-1be3-4687-b43d-79efbe08dd01,67c33a04-b561-4e15-9761-a2a5d1bfd007
c1e0563a-67dd-4d0f-bf88-dc449d25e517,301d9373-0a4b-4e11-9889-a0df2cb1209b,Risicoklasse,03eed296-29bc-407b-8f2a-d820f7ab64a5,0c81c11d-90dc-4a02-bd76-42cf70e2d2b9
c1e0563a-67dd-4d0f-bf88-dc449d25e517,eb0457cb-328b-47f8-8f6b-a5113861d9bb,Subtype,b0ef9956-17f2-4d7f-bff2-ba26a8952c7c,69f01d9f-429b-4f33-b95b-1526bd2084a1
c1e0563a-67dd-4d0f-bf88-dc449d25e517,2c30e3fe-ca69-4701-ad0f-769f67571835,VolgendeKeuring,9675199f-99ba-40be-b835-78585cd5503e,58c47704-2d3b-4a1e-b89a-1604526a0732
c1e0563a-67dd-4d0f-bf88-dc449d25e517,a1dffa42-e21c-4239-93c0-d9f1ccdd04f6,WettelijkRegime,06aa75dd-b758-4fee-841a-9e7ee1c519ae,56a15803-4cd1-4cb0-a8a3-96da2a303dec
c2196e57-1880-479e-a0cf-dbd7da9181a5,e7aad231-ed1f-453e-87be-85b013fd1c30,Cluster,df924529-32dc-44d9-8311-ff39d2ce89e0,509519cb-973a-4618-a5da-8a463c04487b
c2196e57-1880-479e-a0cf-dbd7da9181a5,665e26e8-d865-4551-9288-bfc1c4377bae,ComplianceStatus,5f1eed38-eab7-4f29-8abb-08900852ed25,ed976858-33a7-4a6a-8986-589014cb5012
c2196e57-1880-479e-a0cf-dbd7da9181a5,3e824feb-f3ab-442e-a949-f88473db3415,DagenTotDeadline,4f203526-4f95-45c4-bbd7-9aa4cfde09d5,b2ccc5c4-2838-45fb-aafc-d912eec5c018
c2196e57-1880-479e-a0cf-dbd7da9181a5,f13b06c9-54dc-4af6-adf6-724dd1a332ce,Subtype,b0ef9956-17f2-4d7f-bff2-ba26a8952c7c,90bd8f0b-47fa-4692-8394-8f09a56cca19
c2196e57-1880-479e-a0cf-dbd7da9181a5,b4f92572-b972-4a22-a5cd-6f931e08f29e,VolgendeKeuring,9675199f-99ba-40be-b835-78585cd5503e,1ba96fe9-f8e1-4cf7-bcb5-a7cd94d32851
c2823d66-c6dd-40cf-ab30-9abd212d4203,b7393774-b444-407e-9e01-be666e645730,AantalAeds,36abad1c-78f2-4c85-8fdc-f3b7d0f8402c,d1a293bf-cb44-44f1-8e81-469d49bf632a
c2823d66-c6dd-40cf-ab30-9abd212d4203,1cd7cbcc-fc29-4578-99ac-7e2948d537b5,AantalWerknemers,b575b7f6-fb66-4e98-a721-b08111ecd7bc,4b3623b8-af66-400d-a84a-29dbaf4680f2
c2823d66-c6dd-40cf-ab30-9abd212d4203,85342a15-0ae9-467b-915a-20540a22c0dc,AedBatterijVervangdatum,5386c1aa-5283-46f7-bd1e-7159ec554929,a0b10dc3-d67c-438c-8470-66c0fdea61d3
c2823d66-c6dd-40cf-ab30-9abd212d4203,3f3df043-6b19-47bf-ad5f-9fb73d5df9a0,AedMdrCompliant,48efa53f-c376-403b-8c65-e4ffca34514f,7151a567-6904-4ca7-8191-cb8c8e2cd97b
c2823d66-c6dd-40cf-ab30-9abd212d4203,5ee72541-6a49-439f-93e4-8ccc05d1df85,AedUdiNummer,12c0c08b-7f1d-4cf7-a79b-a27aa398b5f6,feab2e0a-4176-42c2-ad41-e9ae20039d84
c2823d66-c6dd-40cf-ab30-9abd212d4203,17bd64e4-f94e-4e3f-92eb-96e27d69e09d,Cluster,df924529-32dc-44d9-8311-ff39d2ce89e0,ff0f4f55-57fe-4f04-844f-3d6ddc8b4143
c2823d66-c6dd-40cf-ab30-9abd212d4203,48891fa1-9838-4ee4-a845-25513fbdd5df,ComplianceStatus,5f1eed38-eab7-4f29-8abb-08900852ed25,d81aa329-d83c-4ae7-9b78-1df74db45f2b
c2823d66-c6dd-40cf-ab30-9abd212d4203,670a8cf8-c1ed-40ec-9252-68b1ec3050f9,DagenTotDeadline,4f203526-4f95-45c4-bbd7-9aa4cfde09d5,80206300-12f7-4c3f-aab5-0cde2e28ec2c
c2823d66-c6dd-40cf-ab30-9abd212d4203,e28aa06d-e2d7-48e6-908d-daebaf986ba9,OrganisatieType,41fb6f90-cede-47b8-9f6a-e8e611fbec1c,63f2256c-5e5a-4276-9078-acd0d0e3e9cb
c2823d66-c6dd-40cf-ab30-9abd212d4203,c8575920-0bee-4785-9466-900056564e9d,Subtype,b0ef9956-17f2-4d7f-bff2-ba26a8952c7c,84796e86-054a-40a1-9b05-6f6752840f31
c2823d66-c6dd-40cf-ab30-9abd212d4203,f5203e02-a1c2-4dc6-b1c8-df676554175e,VolgendeKeuring,9675199f-99ba-40be-b835-78585cd5503e,5a221391-9266-4092-90ff-e0913bca3165
c4c78d08-3d37-4570-8bfd-dbbb876189a6,db19af67-d802-4b04-a454-3867d9291711,Adres,a76ff6ea-003f-4cef-87a2-8b1086798dd1,150e7f10-fe92-4d4e-86c0-6893de1297b5
c4c78d08-3d37-4570-8bfd-dbbb876189a6,5f95a759-68a8-4958-95cb-795f9b9b8caa,BestemmingsplanFunctie,f9e14632-338c-42d6-b05c-34b5e566e4be,57ebd4f9-d00f-49eb-ad1b-220ee9297f3e
c4c78d08-3d37-4570-8bfd-dbbb876189a6,c4ac7c06-8f5b-406a-b05a-b72006097ad5,Cluster,df924529-32dc-44d9-8311-ff39d2ce89e0,5db50942-cbd0-4aac-8d65-eb1e253b87ed
c4c78d08-3d37-4570-8bfd-dbbb876189a6,e6f59197-e6b1-4244-ab72-a36041b8bc13,ComplianceStatus,5f1eed38-eab7-4f29-8abb-08900852ed25,54272293-4751-4fc9-b38c-4cda501bb288
c4c78d08-3d37-4570-8bfd-dbbb876189a6,ec66edc7-884e-42d8-8586-a6fbc7d74894,DagenTotDeadline,4f203526-4f95-45c4-bbd7-9aa4cfde09d5,16ca7ddd-feef-433d-b9e6-fe0cebdd5565
c4c78d08-3d37-4570-8bfd-dbbb876189a6,cacd94b9-9c7c-434d-a9d0-f4f3c19b73af,Gebruiksfunctie,04d6881f-3f3d-4e61-acb7-b5ce2b05dc98,89e7baa5-f478-46ee-8cbe-f8457447e03c
c4c78d08-3d37-4570-8bfd-dbbb876189a6,e59925de-b170-4841-845c-b1c577a4180e,KadastraalNummer,45f3f67a-12b0-44c2-9a64-d3ba45ef020f,795d1c9c-148d-484f-8e39-797cb56dfbe5
c4c78d08-3d37-4570-8bfd-dbbb876189a6,e62ecb60-6d51-4b81-b02e-7e83ce04fe3d,Subtype,b0ef9956-17f2-4d7f-bff2-ba26a8952c7c,bd54b751-b83c-4ada-834f-c6770f2a7e0d
c4c78d08-3d37-4570-8bfd-dbbb876189a6,88b7521d-1f14-47b5-9139-c5c7be0b436d,VergunningGeldigVanaf,0323c48e-8f2c-4e33-8c49-0bec71bf01c4,a646850b-041c-435c-af03-8f5c0d37b46d
c4c78d08-3d37-4570-8bfd-dbbb876189a6,02c2607a-09e7-4a8e-91f0-68f6e069b23d,VergunningNummer,19b7c48b-012b-433b-aabc-ebfa1db3aaba,10c276b8-e4b0-4246-a3fa-abfb2461cc8f
c4c78d08-3d37-4570-8bfd-dbbb876189a6,aa5b9fbc-dde9-467f-a325-3e96795aa0c3,VolgendeKeuring,9675199f-99ba-40be-b835-78585cd5503e,e468fa2b-7d86-4141-82cd-9ab4093ba84b
c7e6a09b-8109-4746-902a-2293185e0dcf,18e183e9-4851-47c2-a84b-51d64d722d8e,Cluster,df924529-32dc-44d9-8311-ff39d2ce89e0,1e563295-20cf-4410-bb6b-d29e57fba95b
c7e6a09b-8109-4746-902a-2293185e0dcf,203d18ba-2dc2-41da-9a22-70ec1035a5cf,ComplianceStatus,5f1eed38-eab7-4f29-8abb-08900852ed25,af5c6441-9b13-434b-8fdb-1bf5f6c98c24
c7e6a09b-8109-4746-902a-2293185e0dcf,11c285d8-8b69-43c7-98fc-c892d3f45f78,DagenTotDeadline,4f203526-4f95-45c4-bbd7-9aa4cfde09d5,6323da7d-a415-49c5-98ba-8b06c78566d6
c7e6a09b-8109-4746-902a-2293185e0dcf,fd375a1c-c75e-43c9-85db-56d8b53d7555,Subtype,b0ef9956-17f2-4d7f-bff2-ba26a8952c7c,7db51e38-8d3d-435c-8d73-14659d333e11
c7e6a09b-8109-4746-902a-2293185e0dcf,e4dc4377-0beb-49ab-9970-58f64b5fb2cb,Verplaatsingsafstand,9473f30c-2005-4ba3-8a0c-e87ac8662469,de65f803-eb5f-474c-aee2-205817e18318
c7e6a09b-8109-4746-902a-2293185e0dcf,692e2278-4832-4182-9b3e-13baa0887b51,VolgendeKeuring,9675199f-99ba-40be-b835-78585cd5503e,a22e9feb-ca7a-47b0-997c-97886d09d1cd
cc2c180b-9bdb-462c-96d6-d3294ab70894,1e61f047-6f67-44b6-9a23-47c9d417906a,Adres,a76ff6ea-003f-4cef-87a2-8b1086798dd1,2cb8f360-3cd6-4eb6-bad0-d4722e797f1a
cc2c180b-9bdb-462c-96d6-d3294ab70894,ceb60479-9031-49bc-8c95-ca0a80c65809,BestemmingsplanFunctie,f9e14632-338c-42d6-b05c-34b5e566e4be,6a1c0f69-7ccc-4463-bd23-4c34b633be47
cc2c180b-9bdb-462c-96d6-d3294ab70894,e829e0bd-1722-4bb5-9732-acbd46915759,Cluster,df924529-32dc-44d9-8311-ff39d2ce89e0,4aa6d751-2de1-4bb6-a248-7f4bce44c46e
cc2c180b-9bdb-462c-96d6-d3294ab70894,73308d4b-3f73-444f-ba7b-47159551f748,ComplianceStatus,5f1eed38-eab7-4f29-8abb-08900852ed25,ce6ca820-f16c-46b5-b527-9b34e9873725
cc2c180b-9bdb-462c-96d6-d3294ab70894,971ae957-84c1-4081-93b5-13800f9ad537,DagenTotDeadline,4f203526-4f95-45c4-bbd7-9aa4cfde09d5,d2950f31-fd1f-4c27-b483-56a999869b24
cc2c180b-9bdb-462c-96d6-d3294ab70894,f6996ab6-e03e-4434-a79e-868198038437,EnergiePrestatieEpc,c2f55772-a975-4783-adf8-ed8646c528ff,11d90287-adec-4730-a3ef-8602c46b7e7f
cc2c180b-9bdb-462c-96d6-d3294ab70894,604a2ddd-16dd-4ab6-ab53-ec7edff028a7,Gevolgklasse,b96f5f3f-aad8-4de0-9156-0fff26b36c6e,c269108b-6f36-4b46-b49b-9f72e099a34a
cc2c180b-9bdb-462c-96d6-d3294ab70894,7aeef138-4dea-4225-b1d1-2fbc74044839,KadastraalNummer,45f3f67a-12b0-44c2-9a64-d3ba45ef020f,3c1304c9-3538-46b4-8a12-2329956bcfe2
cc2c180b-9bdb-462c-96d6-d3294ab70894,0e8a3bd8-8fd8-4d2e-9f2c-e2e5b2a077fd,OpleveringDatum,8585513a-46ea-4c79-af5d-fdc0d77ee021,5b7c9995-c1e2-40ad-bf64-87f5f9009032
cc2c180b-9bdb-462c-96d6-d3294ab70894,c5dfdcc2-b2b1-4e05-91ec-d5e68fccfa78,RineRapportageDatum,a4a65d04-261a-4f4f-b0cf-685778056ed7,56817cdd-03a5-4d76-9feb-d1181b310a50
cc2c180b-9bdb-462c-96d6-d3294ab70894,7aab0735-d149-4688-bcc9-bd98f15047f0,Subtype,b0ef9956-17f2-4d7f-bff2-ba26a8952c7c,23fcc1c0-1b82-4192-a791-dd3d4e62640c
cc2c180b-9bdb-462c-96d6-d3294ab70894,cc218fcd-18e0-474c-94e5-6422ca724c38,VergunningGeldigVanaf,0323c48e-8f2c-4e33-8c49-0bec71bf01c4,9e0012e2-376c-484b-b200-b49dd4013889
cc2c180b-9bdb-462c-96d6-d3294ab70894,c16b182a-ea61-4b83-a863-dd6b45159db2,VergunningNummer,19b7c48b-012b-433b-aabc-ebfa1db3aaba,b660d35a-8426-425a-8240-d48425408de1
cc2c180b-9bdb-462c-96d6-d3294ab70894,c48665a7-90d1-4080-a931-14394dbd6b54,VolgendeKeuring,9675199f-99ba-40be-b835-78585cd5503e,0a176447-c745-4c6e-8781-31734ca20b12
ce955cff-e499-4d65-9418-d2ed31e98c8e,26c6886b-79fc-46c1-80be-d319af4078ec,Cluster,df924529-32dc-44d9-8311-ff39d2ce89e0,ab8f4865-c2a3-42d5-ae99-c489d17deee8
ce955cff-e499-4d65-9418-d2ed31e98c8e,7c2a34bb-fc01-4184-a481-03bce4196d6a,ComplianceStatus,5f1eed38-eab7-4f29-8abb-08900852ed25,2668949a-81f0-409b-8b8f-47813a8988e8
ce955cff-e499-4d65-9418-d2ed31e98c8e,a8016970-359b-4fe7-9bd4-5ebfdc7f9e3f,DagenTotDeadline,4f203526-4f95-45c4-bbd7-9aa4cfde09d5,b867dc58-300e-40eb-8907-e71453ae18bd
ce955cff-e499-4d65-9418-d2ed31e98c8e,3a344fce-3b47-4883-a1e8-e9157087e23d,Subtype,b0ef9956-17f2-4d7f-bff2-ba26a8952c7c,e560fe47-e4d8-4b4f-8254-39f056f0dd40
ce955cff-e499-4d65-9418-d2ed31e98c8e,df493e53-e0e2-4cd8-9bc3-56ea3c30bdb2,VolgendeKeuring,9675199f-99ba-40be-b835-78585cd5503e,ec726d50-9b1c-4ca3-ab1a-2cefa1ddc221
d4d24a84-3bd1-4c9e-a213-bcfce3c0c62d,49dbc54c-7285-40a6-a96c-a6b7ab3e47aa,Cluster,df924529-32dc-44d9-8311-ff39d2ce89e0,50b54ca7-34d3-43a1-9e04-2755085ff7e7
d4d24a84-3bd1-4c9e-a213-bcfce3c0c62d,6c2c31b0-b59b-416e-8ae9-1032af6677d9,ComplianceStatus,5f1eed38-eab7-4f29-8abb-08900852ed25,d63346bd-4399-4ee8-9088-f8973b79ed21
d4d24a84-3bd1-4c9e-a213-bcfce3c0c62d,edf778eb-ae23-4e64-81c1-e5071899dc46,DagenTotDeadline,4f203526-4f95-45c4-bbd7-9aa4cfde09d5,2d291ecf-0fe6-4543-b66a-4aa96e7e4d9f
d4d24a84-3bd1-4c9e-a213-bcfce3c0c62d,e1ba8782-217e-400b-82f4-c7bf4645ec1f,GebruiksurenActueel,a7c0b132-63ab-4a20-a834-05a871b74cd7,35afc03c-1504-420c-a9a9-744b33bfb89e
d4d24a84-3bd1-4c9e-a213-bcfce3c0c62d,42cdc90f-c330-4fe8-ae9f-bca1233a5928,GebruiksurenLimiet,d3f93c15-afb1-46e9-a41e-56d8167ad71a,fbb8bb77-eb0c-434a-acc3-69bf63bebf70
d4d24a84-3bd1-4c9e-a213-bcfce3c0c62d,4c77b250-5998-40e2-9da9-4a8176deb245,Scheefstandbeveiliging,fc0616df-2e93-495f-9606-617185fd2a8a,f77d3ae0-0b16-485b-bae8-955fac79c2d1
d4d24a84-3bd1-4c9e-a213-bcfce3c0c62d,d8a9635c-a410-4f1c-9a14-80d08939f623,Subtype,b0ef9956-17f2-4d7f-bff2-ba26a8952c7c,19ef84bc-aaf7-40d6-a80c-8f4bad3c58e9
d4d24a84-3bd1-4c9e-a213-bcfce3c0c62d,2a27a018-7539-405a-a3f0-dc2fdb10a08d,TakelsAantal,ceaa9d76-1447-4822-9901-33a3d21c5258,8d0ebadf-732a-43f0-90fd-2e0ab0647f89
d4d24a84-3bd1-4c9e-a213-bcfce3c0c62d,99a39012-9c56-42d7-b60c-48d1a9b40b28,TransportSubtype,d030fdf0-90e2-4043-8a48-05db6537cb7f,22e3d41e-8ca0-4a5d-b4e2-782e866ef9b8
d4d24a84-3bd1-4c9e-a213-bcfce3c0c62d,3a013e93-d23a-4c23-b6a7-5bf6823f6f48,VolgendeKeuring,9675199f-99ba-40be-b835-78585cd5503e,f85f5db1-fa64-4872-adb9-d0c74da6477e
d4d54b18-f780-40c0-a99b-097063d54b22,a0c2549a-f74a-4c42-b5b6-4c71b8c69a2e,BrandweerOpslagtype,9df0755d-bc01-4150-840a-4aa761542494,9767d513-313e-422a-b1c0-887f6c6ddf49
d4d54b18-f780-40c0-a99b-097063d54b22,d73d728f-4132-416f-a21c-51c3c819b006,BrandwerendheidEis,146951e4-b512-43de-84db-4a300304e8ce,474e115c-82ba-4b47-a768-a8800e5c8892
d4d54b18-f780-40c0-a99b-097063d54b22,1618a035-c7b6-425d-8d55-ae07f66600b0,Cluster,df924529-32dc-44d9-8311-ff39d2ce89e0,87183afe-e021-4165-b179-04bab5d6815b
d4d54b18-f780-40c0-a99b-097063d54b22,41091df5-4ba8-4f88-8648-52f9592d6bed,ComplianceStatus,5f1eed38-eab7-4f29-8abb-08900852ed25,ced1a17e-7a69-4231-8136-c86d54e0b0f2
d4d54b18-f780-40c0-a99b-097063d54b22,5e639ce4-7013-468d-8578-5ddb050834be,DagenTotDeadline,4f203526-4f95-45c4-bbd7-9aa4cfde09d5,7221fbde-c930-45ac-bc12-b00bd26eb761
d4d54b18-f780-40c0-a99b-097063d54b22,3a69a2f8-e97e-42ff-9f89-4f3b8ed22296,Subtype,b0ef9956-17f2-4d7f-bff2-ba26a8952c7c,40c83a90-0003-4dc4-b5f2-b1a50685a106
d4d54b18-f780-40c0-a99b-097063d54b22,6839cd7f-983e-4469-a060-3406b68823f8,VolgendeKeuring,9675199f-99ba-40be-b835-78585cd5503e,ef4de22e-1b2d-4002-bcf7-5cad60f03c4e
d6067b8b-028e-4aaf-8eda-5aa118d935d5,65fb9f46-d872-4da3-ad2c-ea66bd8766c7,Cluster,df924529-32dc-44d9-8311-ff39d2ce89e0,02844f2c-2343-45cc-a67e-6c481ecc5bc9
d6067b8b-028e-4aaf-8eda-5aa118d935d5,abb6528b-70e6-4889-b34e-9324ba7041f4,ComplianceStatus,5f1eed38-eab7-4f29-8abb-08900852ed25,f0910308-5e42-4f78-8786-a1325aeab744
d6067b8b-028e-4aaf-8eda-5aa118d935d5,377ab4c2-1085-42e4-938a-ab8afd1e9dfe,DagenTotDeadline,4f203526-4f95-45c4-bbd7-9aa4cfde09d5,dd601856-6182-403f-9980-f673fcb8d06a
d6067b8b-028e-4aaf-8eda-5aa118d935d5,ffc8b100-a2a5-43ee-99b1-c2d8275469e6,SprinklerAantalKoppen,d3a84981-26a9-4980-b396-646f8cb3f9d6,70e92228-5881-4724-a92a-cacbd4018edf
d6067b8b-028e-4aaf-8eda-5aa118d935d5,62225253-0d39-4789-8c4a-a6723854e2fa,SprinklerPomptype,56aa368b-2bd1-4fca-bdb5-1b842d86ff64,9fd5a6a7-59b7-48fd-9a7c-f9677fc92e5c
d6067b8b-028e-4aaf-8eda-5aa118d935d5,8b8b1eaf-0e04-41ee-ab56-6118bc08eb7d,SprinklerTank,6dade333-ac33-4686-b420-5341107e45c1,ddf192a4-8528-440e-b5e4-a1c2738e1a90
d6067b8b-028e-4aaf-8eda-5aa118d935d5,85a0c6a3-6350-48d7-b363-ddad095a620d,SprinklerType,a7c6b7de-27c2-4fd5-a880-355861e5d931,0d3e1771-d171-4f93-85ff-0eaffcc87c0f
d6067b8b-028e-4aaf-8eda-5aa118d935d5,e9a826aa-ca3d-456e-b41a-6901de4fb57a,Subtype,b0ef9956-17f2-4d7f-bff2-ba26a8952c7c,0894759c-dc42-4ec9-9de2-80c4b02aa6dc
d6067b8b-028e-4aaf-8eda-5aa118d935d5,fcc3d08c-5e42-4b5e-8867-6842bb14ac41,VolgendeKeuring,9675199f-99ba-40be-b835-78585cd5503e,cd40745b-012c-4f92-ba27-513600ba3113
d96c86bb-3760-404a-9a67-1cbf764ca78b,8ee0dc96-c51b-45c3-b833-d2bb89335738,AantalSirenes,cd581019-67dd-4a10-b890-ab65b5a4eb25,82a8c7fc-7f26-4569-8012-bc33dd4f8004
d96c86bb-3760-404a-9a67-1cbf764ca78b,1473c4cf-1cc7-4c40-a3ea-8ea19d86be6e,Alarmtype,6584aa92-2cb2-4a4f-b3ee-0f5af5b19b70,b159ac6a-7f07-4864-9d7b-0ec4f060f902
d96c86bb-3760-404a-9a67-1cbf764ca78b,a6d20ef9-ee10-4e00-a0d7-b99960a2c279,Cluster,df924529-32dc-44d9-8311-ff39d2ce89e0,ad7ee684-f144-4059-a712-2c9660e584b6
d96c86bb-3760-404a-9a67-1cbf764ca78b,d0b60c4f-c7c5-46d0-a3a9-2bf622f2775b,ComplianceStatus,5f1eed38-eab7-4f29-8abb-08900852ed25,4025cee2-7263-45e5-9ab5-ef87e08c6ca7
d96c86bb-3760-404a-9a67-1cbf764ca78b,0f391d5a-d845-4073-8c7c-c633b224c638,DagenTotDeadline,4f203526-4f95-45c4-bbd7-9aa4cfde09d5,b1a20969-33f2-45b4-8615-175e31321995
d96c86bb-3760-404a-9a67-1cbf764ca78b,f975f670-3cc0-4ed2-a9b6-fa30cb4b8a3e,DoormeldingBrandweer,d8a98565-f5b3-4eb6-94a8-4e218c0cf7eb,de9d0220-d355-41d7-9c3b-ece22110511f
d96c86bb-3760-404a-9a67-1cbf764ca78b,5adf08f9-4780-4f57-88a6-8c405b73b3ec,Subtype,b0ef9956-17f2-4d7f-bff2-ba26a8952c7c,d5e687d9-a82a-4681-88ad-405d78b14304
d96c86bb-3760-404a-9a67-1cbf764ca78b,464fb146-1c46-4ad3-aae2-3b2afbec7a47,VolgendeKeuring,9675199f-99ba-40be-b835-78585cd5503e,2ef546b9-9a58-4112-842d-af617de3c205
da7bd6a7-b009-4b61-9f01-bae475efe8b8,52ba87d6-456e-4fb9-bea3-a3db2e831496,Cluster,df924529-32dc-44d9-8311-ff39d2ce89e0,47a176ea-ce9c-47d1-b9b6-25fed0f12ee8
da7bd6a7-b009-4b61-9f01-bae475efe8b8,9ce0570b-842a-4bbe-8fcc-5b6e35bd397f,ComplianceStatus,5f1eed38-eab7-4f29-8abb-08900852ed25,f9e8d7fd-35a0-4bd0-b7b5-cc058eb7999b
da7bd6a7-b009-4b61-9f01-bae475efe8b8,5490197e-29ea-45bc-849b-426a3a1d02f0,DagenTotDeadline,4f203526-4f95-45c4-bbd7-9aa4cfde09d5,6a2bb998-1902-44c0-91d0-e6ac6301807e
da7bd6a7-b009-4b61-9f01-bae475efe8b8,73d1cdba-3259-4524-9663-655156eef5c1,Subtype,b0ef9956-17f2-4d7f-bff2-ba26a8952c7c,34a5895b-df5f-4e8a-9a26-273ba41370ec
da7bd6a7-b009-4b61-9f01-bae475efe8b8,2f152738-e4af-4059-b7f5-2829d4787db3,VolgendeKeuring,9675199f-99ba-40be-b835-78585cd5503e,ba76ef24-f033-4d69-a9dc-e68b6717629b
db819908-ee93-4a0e-862c-22e00ee0a6b2,6c87bb27-22ad-467c-b48f-d3d13c8ec1f1,Cluster,df924529-32dc-44d9-8311-ff39d2ce89e0,c5cb4dd5-a325-44b1-a62f-49cda253d19c
db819908-ee93-4a0e-862c-22e00ee0a6b2,b05c1b47-8513-4d9a-bfb9-c42189360611,ComplianceStatus,5f1eed38-eab7-4f29-8abb-08900852ed25,40273238-35a3-4126-b25a-b73af2cdf21d
db819908-ee93-4a0e-862c-22e00ee0a6b2,01a4aba9-2c6e-484e-80e9-0ef921a98530,DagenTotDeadline,4f203526-4f95-45c4-bbd7-9aa4cfde09d5,2a2c199f-10c5-4b09-a886-e4cc62dfe243
db819908-ee93-4a0e-862c-22e00ee0a6b2,1b7acdf7-e0b0-4d79-b6c5-bdd782f4d139,Laadmodus,e18bc3d8-0a94-4033-8310-1171be53cda5,f67f560b-b8b5-4fd8-84c5-69edff4d9a49
db819908-ee93-4a0e-862c-22e00ee0a6b2,663b9437-f93a-4b6a-8798-9541c48049af,LaatsteInspectieDatum,765b3c0b-3939-4838-8193-8843fff86d62,c8d7c9f1-0a54-4696-a9d8-6216f1d69419
db819908-ee93-4a0e-862c-22e00ee0a6b2,db5d7f9e-3fb0-42ee-8b20-4e0caeda589d,Locatietype,5faae041-e683-4514-98f8-83e991d5cc5d,c5667e4a-01ea-45c5-8f6a-38a6e3d28cd5
db819908-ee93-4a0e-862c-22e00ee0a6b2,b1b740f2-5f30-4438-82bc-85425cc34400,Subtype,b0ef9956-17f2-4d7f-bff2-ba26a8952c7c,fa06e66c-564e-43c3-a9da-e88f58507f5a
db819908-ee93-4a0e-862c-22e00ee0a6b2,a286425a-21c2-4ed7-9026-6935e90b377a,VolgendeKeuring,9675199f-99ba-40be-b835-78585cd5503e,1b6d89b9-8886-412d-be3b-ac6087d68928
dcafc778-acad-4dea-b34a-6a9d141e889c,a161d452-7842-4adf-82a7-e1f570b73215,BblVergunningplichtig,b32f053c-f0a4-4980-9718-c50e2779c072,77a847da-25e6-4351-895f-345c62d6f114
dcafc778-acad-4dea-b34a-6a9d141e889c,91a14e62-666b-402d-a938-92c68f7745ba,Cluster,df924529-32dc-44d9-8311-ff39d2ce89e0,722c4cfb-88e7-463e-82eb-a5aa485ed24e
dcafc778-acad-4dea-b34a-6a9d141e889c,9bcb0efc-f6b3-4796-be7d-420134b4cdb0,ComplianceStatus,5f1eed38-eab7-4f29-8abb-08900852ed25,789ecf3c-94af-499c-9614-c0c99f342864
dcafc778-acad-4dea-b34a-6a9d141e889c,056fa674-7a1a-44f0-8b9b-0bc50643771d,DagenTotDeadline,4f203526-4f95-45c4-bbd7-9aa4cfde09d5,3731f466-5229-4dee-85e1-70f8859c5441
dcafc778-acad-4dea-b34a-6a9d141e889c,9ed8d76d-f1e1-4c98-9e9a-e186a49c1e00,DoormeldingBrandweer,d8a98565-f5b3-4eb6-94a8-4e218c0cf7eb,5da71bcf-3b45-4624-870b-334a5d3d63d3
dcafc778-acad-4dea-b34a-6a9d141e889c,b8b38c00-2e46-45ad-b436-ca719738b41f,Gevolgklasse,b96f5f3f-aad8-4de0-9156-0fff26b36c6e,d318c297-74cf-4892-809c-732ddfe4154d
dcafc778-acad-4dea-b34a-6a9d141e889c,4495b201-5aef-4067-845d-b9e2b4831f6b,Subtype,b0ef9956-17f2-4d7f-bff2-ba26a8952c7c,c61a5669-a646-495a-b521-772d6433498a
dcafc778-acad-4dea-b34a-6a9d141e889c,fe7c745b-586f-401f-88bd-47467b9ce378,VolgendeKeuring,9675199f-99ba-40be-b835-78585cd5503e,44902b07-1c86-44f7-bcfd-1657c7e1676e
dcafc778-acad-4dea-b34a-6a9d141e889c,d7053529-b60e-467f-8f73-ebdb1b18fc95,WettelijkRegime,06aa75dd-b758-4fee-841a-9e7ee1c519ae,3ba0a12b-e212-4690-a78d-15d33a51b2f8
dea7eefc-9fdd-4eea-9895-53db3a09eacb,339d280c-97cd-49c9-ba41-3b6700dbc435,Cluster,df924529-32dc-44d9-8311-ff39d2ce89e0,64005c1c-ac38-4475-9718-b4e33efb269d
dea7eefc-9fdd-4eea-9895-53db3a09eacb,b2d64266-3a07-401e-8499-15f4b1bd7c1b,ComplianceStatus,5f1eed38-eab7-4f29-8abb-08900852ed25,847d8e09-fe7d-4a21-8a47-dafb7555a824
dea7eefc-9fdd-4eea-9895-53db3a09eacb,7f1129ee-a703-420f-9119-8186092641db,DagenTotDeadline,4f203526-4f95-45c4-bbd7-9aa4cfde09d5,273c4702-eb19-4b32-89f0-cfb896b78bff
dea7eefc-9fdd-4eea-9895-53db3a09eacb,b5e9a0c6-5a92-4731-adba-44fa7c0f61dd,Subtype,b0ef9956-17f2-4d7f-bff2-ba26a8952c7c,db516321-cec5-4eb1-8159-ecf5686005b0
dea7eefc-9fdd-4eea-9895-53db3a09eacb,c566ef9c-cb03-4cda-a6d8-859f87d14d55,VolgendeKeuring,9675199f-99ba-40be-b835-78585cd5503e,c9ec29cc-20a8-4ff3-95d4-c397092795a1
e017e647-bf44-4966-8a4f-8b6910e81e26,0f2c54be-3c5e-4c5c-900e-80b1fe242213,AantalAansluitpunten,ba6a2463-f0aa-4125-9202-faf4397781ae,8baa5423-dc4c-43ab-96ac-e92361dc7901
e017e647-bf44-4966-8a4f-8b6910e81e26,7860f77c-4f47-48fd-8c27-d8e8e1da26b2,AantalVerdiepingenBediend,f8ff7e84-5a29-4eb9-b323-f60263553007,7005d832-b7c8-4b26-918a-bd1a854bbc14
e017e647-bf44-4966-8a4f-8b6910e81e26,0866aa5f-eded-4d73-b501-9c8cfb294659,Cluster,df924529-32dc-44d9-8311-ff39d2ce89e0,2263d634-a759-4f10-8a87-c77ba489dedf
e017e647-bf44-4966-8a4f-8b6910e81e26,d6128039-a407-4efb-9c9d-bc2b40115f1b,ComplianceStatus,5f1eed38-eab7-4f29-8abb-08900852ed25,b8cb71d4-c37e-4be4-89a1-501c10fdff81
e017e647-bf44-4966-8a4f-8b6910e81e26,6726e410-f69b-4630-a767-7bed643b078e,DagenTotDeadline,4f203526-4f95-45c4-bbd7-9aa4cfde09d5,ca2ca6fc-de32-41d3-bed9-d069b2bb5d7b
e017e647-bf44-4966-8a4f-8b6910e81e26,bdbb3623-300d-4a09-ad51-424253e4b25f,Subtype,b0ef9956-17f2-4d7f-bff2-ba26a8952c7c,64c13eea-cee4-40a4-9170-9943d07d88b3
e017e647-bf44-4966-8a4f-8b6910e81e26,71f9b62f-2f99-457a-9dc1-0e564ba722d9,VolgendeKeuring,9675199f-99ba-40be-b835-78585cd5503e,e681f979-9a6a-4b36-831a-9aba4626e913
e13328f8-6cc0-4b16-abd9-286d9f3d0536,2453aa9c-608b-4e88-909c-011c69366f8f,Cluster,df924529-32dc-44d9-8311-ff39d2ce89e0,8a571c8a-1cbd-441b-9106-6c6e914323a1
e13328f8-6cc0-4b16-abd9-286d9f3d0536,a398a050-8175-4bd3-a2c7-9f9fc837093f,ComplianceStatus,5f1eed38-eab7-4f29-8abb-08900852ed25,3f8283d7-492d-411a-ad8a-194e53e63c84
e13328f8-6cc0-4b16-abd9-286d9f3d0536,52a6d6e3-171e-4459-a87d-52085974309a,DagenTotDeadline,4f203526-4f95-45c4-bbd7-9aa4cfde09d5,b8269236-3e15-46ab-a1c7-42439cb8e1ed
e13328f8-6cc0-4b16-abd9-286d9f3d0536,66a6c408-6095-4af4-ae77-6274da320390,PersonenEnGoederen,948007c5-e683-4a7c-bc35-28b5b86c3668,3d74cb7c-29a6-465a-9e71-142fab74147c
e13328f8-6cc0-4b16-abd9-286d9f3d0536,c354524e-09f3-4bab-9677-c64e67504c3d,Subtype,b0ef9956-17f2-4d7f-bff2-ba26a8952c7c,8b190369-8314-4116-8c7b-724c38a2f86f
e13328f8-6cc0-4b16-abd9-286d9f3d0536,7bfba673-48ca-4d64-a980-07713d13c613,VolgendeKeuring,9675199f-99ba-40be-b835-78585cd5503e,a45b96b3-31ed-4c0f-a9b9-72c37c87fd69
e327921f-c276-4c7e-bd7a-eee0499901da,2a78cf60-4638-4ebc-9c6a-099f484fa02e,Cluster,df924529-32dc-44d9-8311-ff39d2ce89e0,4dfa7beb-be71-4b01-9852-6ecbbaa1b7cc
e327921f-c276-4c7e-bd7a-eee0499901da,9d57b527-8a85-4cb1-8b72-206cd89248af,ComplianceStatus,5f1eed38-eab7-4f29-8abb-08900852ed25,7216f879-4715-4476-98cc-f77f8e3d7626
e327921f-c276-4c7e-bd7a-eee0499901da,ffcbe775-e171-4b00-b417-f0757ac9d7e3,DagenTotDeadline,4f203526-4f95-45c4-bbd7-9aa4cfde09d5,7233ba9e-d9fc-4ff8-8365-6806b48841e5
e327921f-c276-4c7e-bd7a-eee0499901da,86327750-6ae4-443b-82ea-1d9202ed6698,Subtype,b0ef9956-17f2-4d7f-bff2-ba26a8952c7c,874bb7e6-4dea-4550-907f-6f638616e831
e327921f-c276-4c7e-bd7a-eee0499901da,55cc61cd-308b-4ff8-91aa-703b96318d44,VolgendeKeuring,9675199f-99ba-40be-b835-78585cd5503e,8268aaa9-3d62-42ce-9e7d-1f89b5a0534b
e38e2d03-1529-485b-983d-7c7a68f103c1,c2b558c0-b9c8-47b4-af74-be2516ba8260,Cluster,df924529-32dc-44d9-8311-ff39d2ce89e0,c420b281-f409-46c1-bfed-aec1c242334e
e38e2d03-1529-485b-983d-7c7a68f103c1,266e095a-6021-4774-8b91-fe4d0f99507e,ComplianceStatus,5f1eed38-eab7-4f29-8abb-08900852ed25,92307264-4c49-4c5b-9e36-4131b84e591f
e38e2d03-1529-485b-983d-7c7a68f103c1,7dfa00f8-f601-403a-b1f0-c3eeeb7ad8e9,DagenTotDeadline,4f203526-4f95-45c4-bbd7-9aa4cfde09d5,374998a3-9c05-4530-91af-c9fef70d97f7
e38e2d03-1529-485b-983d-7c7a68f103c1,b82c4d2b-77d7-417d-9c51-a33dfbd8ddce,DoormeldingBrandweer,d8a98565-f5b3-4eb6-94a8-4e218c0cf7eb,be07782f-17c8-42f7-9ab5-a36613899572
e38e2d03-1529-485b-983d-7c7a68f103c1,95cf50ef-64c6-41cd-9461-b626cb860e18,Subtype,b0ef9956-17f2-4d7f-bff2-ba26a8952c7c,96c39d89-0053-4dbf-a5ca-8e4efe6ee92a
e38e2d03-1529-485b-983d-7c7a68f103c1,f5feab6e-583c-4981-932e-5a86bf7ab17f,VolgendeKeuring,9675199f-99ba-40be-b835-78585cd5503e,a383068d-75c9-49f5-b84a-080beb57c2f0
e38e2d03-1529-485b-983d-7c7a68f103c1,59b90eb7-df37-43bb-8bfd-69f4c237267d,WettelijkRegime,06aa75dd-b758-4fee-841a-9e7ee1c519ae,98a5a725-6659-422e-bf29-119d429ae513
e64de92a-132c-4643-8155-1be0796c83e5,6d58ebf6-a3b7-488d-8218-483dd7628d20,AantalMelders,ad4f8214-921b-4797-b439-516e8ce9f9ca,e3f0891d-53c3-4948-8275-870089a2925c
e64de92a-132c-4643-8155-1be0796c83e5,ae2de5c4-40fe-4bf4-8c84-484406a3b39f,AantalMeldgroepen,9fc2c423-fa95-4ebe-ad2a-eba61cf0ff98,c5aab9af-5040-4125-b9c6-9142ef38ba1a
e64de92a-132c-4643-8155-1be0796c83e5,426fb6a1-905b-43fd-8b24-cb32ced721eb,Bewakingsomvang,231c2ee8-a982-4d21-8b8f-1250badc1c58,0c33cae3-af61-4da6-882e-d94e56aac806
e64de92a-132c-4643-8155-1be0796c83e5,5b8fa4a5-26ee-46a7-af0d-6964236d92ac,CentraleType,2ebd1319-1826-4067-9b24-3f6bdbf2360f,7bf7eba3-2e3d-421d-a527-bdcd60797f34
e64de92a-132c-4643-8155-1be0796c83e5,ab4eb4b8-eebe-4583-ac95-4266d68d76c6,Cluster,df924529-32dc-44d9-8311-ff39d2ce89e0,4bf094e6-3585-4eb9-a285-938a72bcb273
e64de92a-132c-4643-8155-1be0796c83e5,84bf4b3a-4e53-4baa-bcd6-27621010d9a7,ComplianceStatus,5f1eed38-eab7-4f29-8abb-08900852ed25,97459473-ff87-4bcd-9780-6e38dbfd6539
e64de92a-132c-4643-8155-1be0796c83e5,790fba01-3c47-4b25-ad40-e459b6843a7b,DagenTotDeadline,4f203526-4f95-45c4-bbd7-9aa4cfde09d5,d18c4cd5-b363-4fda-a6b0-422c9b2f0883
e64de92a-132c-4643-8155-1be0796c83e5,9b4fd7be-5df5-4a21-84ac-228e49436307,DoormeldingBrandweer,d8a98565-f5b3-4eb6-94a8-4e218c0cf7eb,bc39dfb3-52f0-4db2-804a-8faf57b08fd5
e64de92a-132c-4643-8155-1be0796c83e5,f6dd14f7-bef2-4619-9b9c-9d6deaf1ad0a,Subtype,b0ef9956-17f2-4d7f-bff2-ba26a8952c7c,f8960829-e78c-4b3e-a1ab-26649f5bd096
e64de92a-132c-4643-8155-1be0796c83e5,21cab586-575b-4a2e-a33d-f6d8a59a819e,VolgendeKeuring,9675199f-99ba-40be-b835-78585cd5503e,e2e2a2dd-fcb3-48fd-8fde-6194d6f8bd53
ead42f29-98d2-4675-a06a-9c60bdfb285e,7dea5e01-570b-4f18-aa2b-9022ac795854,BeveiligingType,60614ccf-930f-466f-8f45-4432b76bee69,175f74af-641b-474f-833d-f3639d98bb46
ead42f29-98d2-4675-a06a-9c60bdfb285e,90c671fc-65bc-4f0c-a2d1-397e984d07a1,Beveiligingsklasse,23ef0e6e-5e4a-47b4-a501-46d35fb177dd,718b421b-5db3-43f5-8b3b-afcd19559d11
ead42f29-98d2-4675-a06a-9c60bdfb285e,4ffbe2c6-2d2b-4c51-a857-0db501a036e9,Cluster,df924529-32dc-44d9-8311-ff39d2ce89e0,3b84dad5-1fae-44d4-bc9a-8d9db933abbc
ead42f29-98d2-4675-a06a-9c60bdfb285e,7f381dab-d815-4420-a9b9-7c47e85ab79a,ComplianceStatus,5f1eed38-eab7-4f29-8abb-08900852ed25,67f51e90-11b8-432f-8019-d5627b14bf12
ead42f29-98d2-4675-a06a-9c60bdfb285e,c0729810-65aa-4551-bee0-1c46d7fb8aac,DagenTotDeadline,4f203526-4f95-45c4-bbd7-9aa4cfde09d5,3d42528e-1cf5-4969-8a2b-0ec477a194f8
ead42f29-98d2-4675-a06a-9c60bdfb285e,e66054e8-f1cd-4827-bead-1eff5dfb3ef9,InbraakKlasse,46bcd216-2918-4c2e-b853-436b3eea4345,288dd4c1-9b9a-44e2-98d5-3f5a353e4f3e
ead42f29-98d2-4675-a06a-9c60bdfb285e,90475a5c-e6cf-4530-bd37-b7abe5d21ee1,KritischeOmstandigheden,687b887e-9963-48f1-b96f-3be57ea69182,6611be07-584b-40b7-90d7-196c210de32a
ead42f29-98d2-4675-a06a-9c60bdfb285e,67b1271b-5d49-461b-bbfc-b22e805aab7a,Subtype,b0ef9956-17f2-4d7f-bff2-ba26a8952c7c,d503c75b-37d3-452f-80f2-292005971145
ead42f29-98d2-4675-a06a-9c60bdfb285e,ada38fb0-8929-489f-b1c7-7e328087bbce,VolgendeKeuring,9675199f-99ba-40be-b835-78585cd5503e,852da359-6c18-458b-9117-54fa0565e536
f70f653e-fcd0-4b3c-9539-1966af5564c8,8dd42d51-73b5-45eb-a5ef-85b50f7bb045,Cluster,df924529-32dc-44d9-8311-ff39d2ce89e0,2b4231f8-f3fa-4007-ab81-ae164e7ff824
f70f653e-fcd0-4b3c-9539-1966af5564c8,71462cc9-56af-4605-9ace-93bd1c06d85c,ComplianceStatus,5f1eed38-eab7-4f29-8abb-08900852ed25,bf6a3fa1-d266-4140-9cf0-232c22b72894
f70f653e-fcd0-4b3c-9539-1966af5564c8,732f3df7-0afd-4af6-9af6-41de320cb4a5,DagenTotDeadline,4f203526-4f95-45c4-bbd7-9aa4cfde09d5,799cf01d-cabf-4a43-a67b-fb0db7e85efe
f70f653e-fcd0-4b3c-9539-1966af5564c8,ea870e8e-3c9b-4a12-8f28-b22ad66985e4,LaatsteInspectieDatum,765b3c0b-3939-4838-8193-8843fff86d62,27813117-0665-4d3a-a3f7-16bb9825dc29
f70f653e-fcd0-4b3c-9539-1966af5564c8,f3274736-3e84-46db-b15b-9e09af3d86e6,Subtype,b0ef9956-17f2-4d7f-bff2-ba26a8952c7c,807c2005-2070-4af2-9e09-b0864c991f0b
f70f653e-fcd0-4b3c-9539-1966af5564c8,a3f28233-5941-40c3-abd6-095b832be1d9,VolgendeKeuring,9675199f-99ba-40be-b835-78585cd5503e,154573f2-327b-4e0e-9a58-590302a610e1
f7ee81b0-308b-4966-9e8b-47896997f704,94073f7d-a56d-451a-9191-ade5675bee22,BblVergunningplichtig,b32f053c-f0a4-4980-9718-c50e2779c072,63fbe27b-b40d-41cc-a1d4-099b74b72736
f7ee81b0-308b-4966-9e8b-47896997f704,69761957-cbe3-4f17-b3dc-2c695ecb7114,Cluster,df924529-32dc-44d9-8311-ff39d2ce89e0,b58b76eb-de9d-4b35-a881-cc4f4e88c84e
f7ee81b0-308b-4966-9e8b-47896997f704,6f9024f3-d5ca-406b-b4d2-e7126959147b,ComplianceStatus,5f1eed38-eab7-4f29-8abb-08900852ed25,2fbd42cb-c9db-4e08-a0ca-4d4e4674c4b8
f7ee81b0-308b-4966-9e8b-47896997f704,e19f3a3e-eae8-4fde-a960-6cfbfaca161b,DagenTotDeadline,4f203526-4f95-45c4-bbd7-9aa4cfde09d5,907f3180-03e9-4789-aaab-0e56f797cbf7
f7ee81b0-308b-4966-9e8b-47896997f704,ef712dc3-6153-4791-8225-76c76e2826ee,DoormeldingBrandweer,d8a98565-f5b3-4eb6-94a8-4e218c0cf7eb,e92c534c-0326-4f6b-940b-3b6e1791c163
f7ee81b0-308b-4966-9e8b-47896997f704,fb58b188-5967-4669-b5f2-725c791cdd4b,Schadeklasse,fca0f332-dbaf-43a5-9a77-896d7bd9d7dd,4c5c2f27-5f4b-4d17-88be-088ee5f61172
f7ee81b0-308b-4966-9e8b-47896997f704,aae1a35a-7689-45f6-a5d8-0a4c9677ed10,Subtype,b0ef9956-17f2-4d7f-bff2-ba26a8952c7c,6f66fdf3-c579-4769-b05e-c316dc127455
f7ee81b0-308b-4966-9e8b-47896997f704,376d1bc9-dc10-4fe7-bab0-dd4fc678334c,VolgendeKeuring,9675199f-99ba-40be-b835-78585cd5503e,bdafc9bb-ffc3-4a8b-9c0c-f1d405315ef7
f7ee81b0-308b-4966-9e8b-47896997f704,0798f049-d5ba-465c-aef4-dd718e8fc09e,WettelijkRegime,06aa75dd-b758-4fee-841a-9e7ee1c519ae,9ce46569-b645-4379-b0b6-abdf73e7f8bd
f8e55ddb-1c20-49c5-b6dc-fd1eadc64568,c183e04f-861a-4b59-a178-3dc0b4a298b6,Cluster,df924529-32dc-44d9-8311-ff39d2ce89e0,2127181e-ea7b-4cea-b63e-55feaa02c3fb
f8e55ddb-1c20-49c5-b6dc-fd1eadc64568,d786a59e-e1e8-4511-aee4-7311018d6302,ComplianceStatus,5f1eed38-eab7-4f29-8abb-08900852ed25,0af962f3-3cea-429b-8069-cf1ccacf67b5
f8e55ddb-1c20-49c5-b6dc-fd1eadc64568,9ddfb58d-0ebc-4054-bc40-3b3399699a80,DagenTotDeadline,4f203526-4f95-45c4-bbd7-9aa4cfde09d5,704f6a13-9c98-48ad-a7e8-37df7c9da9a3
f8e55ddb-1c20-49c5-b6dc-fd1eadc64568,bafee95b-5c2f-4b27-ae31-101bdab7d49d,LaatsteInspectieDatum,765b3c0b-3939-4838-8193-8843fff86d62,54b1eb85-6c0f-4eef-b06a-976578428644
f8e55ddb-1c20-49c5-b6dc-fd1eadc64568,bb12f1f4-0f58-4891-bdb6-fd605663c12b,Subtype,b0ef9956-17f2-4d7f-bff2-ba26a8952c7c,bba0e6ee-99c9-46ff-a000-6f435269b793
f8e55ddb-1c20-49c5-b6dc-fd1eadc64568,81fa02fc-1e8f-4506-9a0d-8af70d7717be,VolgendeKeuring,9675199f-99ba-40be-b835-78585cd5503e,f9c0e58c-70f7-403a-a0a3-5410ad19fad2
fb3d882e-4919-468e-9f5b-ecb6354a2369,d476e828-16a4-4686-b2e6-6dff970141e2,Cluster,df924529-32dc-44d9-8311-ff39d2ce89e0,36f64552-5785-4ade-922d-00bae7fb6b59
fb3d882e-4919-468e-9f5b-ecb6354a2369,add16020-42b2-4d7e-aa6f-acf38253f3d4,ComplianceStatus,5f1eed38-eab7-4f29-8abb-08900852ed25,68d217e0-a4f3-4128-9b46-55224488ca2e
fb3d882e-4919-468e-9f5b-ecb6354a2369,e59ac177-4227-4797-9f9e-0e4db43994aa,DagenTotDeadline,4f203526-4f95-45c4-bbd7-9aa4cfde09d5,c5686fc5-44e3-4bb7-8183-b77f11086a9c
fb3d882e-4919-468e-9f5b-ecb6354a2369,1ad6231c-7bbd-4700-9bd9-3c86050ff6ec,LaatsteInspectieDatum,765b3c0b-3939-4838-8193-8843fff86d62,88928b37-7051-4e14-b9bb-b552271faa20
fb3d882e-4919-468e-9f5b-ecb6354a2369,b329f8b7-b7b5-40f5-a68f-89c76c7805a0,Subtype,b0ef9956-17f2-4d7f-bff2-ba26a8952c7c,65c6e206-8852-4911-bfe3-3e5710922a2e
fb3d882e-4919-468e-9f5b-ecb6354a2369,87b494a7-2315-48f2-8938-6171bc6cca8f,VolgendeKeuring,9675199f-99ba-40be-b835-78585cd5503e,934585c5-5462-46fe-a72a-b4d8d4ef9d30
fcf243ec-cc90-4f66-a6e2-4634a32e0afe,48cb0b80-98e3-4928-bf2e-3f91d2cc6fcf,Cluster,df924529-32dc-44d9-8311-ff39d2ce89e0,493d1f9f-ea81-4e03-bf0b-2ffb5c9f7999
fcf243ec-cc90-4f66-a6e2-4634a32e0afe,55b683a0-e040-4b7d-80c4-c1d3e71454da,ComplianceStatus,5f1eed38-eab7-4f29-8abb-08900852ed25,11836ffb-255e-4326-9bd2-0e99f6c05255
fcf243ec-cc90-4f66-a6e2-4634a32e0afe,1248ce60-0c25-4851-b7a4-7527f7481d16,DagenTotDeadline,4f203526-4f95-45c4-bbd7-9aa4cfde09d5,90c84d5a-f502-4c01-9612-7174c123e74c
fcf243ec-cc90-4f66-a6e2-4634a32e0afe,a15ebc13-3869-4657-a047-cec4f2e7cb71,Risicogroep,594ff5d4-d909-4c2a-ba1d-b0c1623c021e,5be2a80b-60d6-47f8-ba7b-f62a8f0a478c
fcf243ec-cc90-4f66-a6e2-4634a32e0afe,d0a4d2e2-085f-42b9-8d84-a92a32a67e92,Subtype,b0ef9956-17f2-4d7f-bff2-ba26a8952c7c,b9b8612d-d87c-454a-a834-e038bf817814
fcf243ec-cc90-4f66-a6e2-4634a32e0afe,2fd5d509-a828-4348-a7b6-dafc2d1ec931,TemperatuurKoud,6cb0e0b5-9b85-473d-94d4-9dad6bdbcc7e,4fd1a232-e959-4912-8832-b3d1fc1fc771
fcf243ec-cc90-4f66-a6e2-4634a32e0afe,a3eca6b2-048a-4f25-a386-452c9bb81f3c,TemperatuurWarm,756acf4e-8203-4005-b326-1c588338b6df,ccd3494e-4dad-4199-aa64-211666d59bea
fcf243ec-cc90-4f66-a6e2-4634a32e0afe,2ad3fcc4-d09e-4703-99ac-f1f7809a20be,VolgendeKeuring,9675199f-99ba-40be-b835-78585cd5503e,52d6891f-07f1-4936-8be2-795d6a1c5f3c
fcfbbcb2-f774-4c3e-9b95-0eabee71f339,4dd5f190-c699-4d5e-b0d6-a993a3f5d5cd,Brandweerlift,1cbc17ac-ff3a-49ba-9064-efa9d40aff26,c258f1d5-6a35-4c9a-b753-011ff16d53d1
fcfbbcb2-f774-4c3e-9b95-0eabee71f339,d9fcce85-ae3c-44b5-b759-71661abcfbca,Brandweerschakelaar,e48f594e-a680-42fc-ba1a-ea2bb0ac60f0,07c3d8cf-ab90-4921-b152-777c4ecaa627
fcfbbcb2-f774-4c3e-9b95-0eabee71f339,751b714b-35e8-420c-8091-a3a14a8b2ee5,Brandwerendheid,4ab5e3c6-1846-4e73-9233-8c23087731d3,abc3b3b7-ff13-48a6-92f1-3438476e468c
fcfbbcb2-f774-4c3e-9b95-0eabee71f339,918ebdc0-9be2-466e-8225-727ea854b87d,CabineBreedte,f287f954-94d8-485a-96a2-9ce0b8b62e95,493bd9a6-6298-4a5e-a01b-3f25af07cc7d
fcfbbcb2-f774-4c3e-9b95-0eabee71f339,7864be96-b035-498f-ba6e-6aaf83c63e91,CabineLengte,5fbde8cb-4a4a-42e5-ac88-81ae514613aa,a5443d4b-416e-469c-9b40-e8922c78b69f
fcfbbcb2-f774-4c3e-9b95-0eabee71f339,a388be74-cbf7-4b8f-a82f-983cad7af3e8,Cluster,df924529-32dc-44d9-8311-ff39d2ce89e0,40872b96-ac20-4e90-9c4b-cea20537f587
fcfbbcb2-f774-4c3e-9b95-0eabee71f339,0ff8759f-1088-48e8-be65-51ab19a64f5f,ComplianceStatus,5f1eed38-eab7-4f29-8abb-08900852ed25,664a9d5c-2fb1-48ea-9cf4-a1397bc3fd32
fcfbbcb2-f774-4c3e-9b95-0eabee71f339,678aa6d1-53ff-4bac-b5b5-8ab7665a44fb,DagenTotDeadline,4f203526-4f95-45c4-bbd7-9aa4cfde09d5,bd0349d1-9d6b-46d7-a26f-b0b1decebbea
fcfbbcb2-f774-4c3e-9b95-0eabee71f339,2710d380-ea1e-4fdd-9e2b-5146010a3f01,FunctiebehoudKabel,cb653b86-b4a7-41c9-a17a-7ddf3e986f38,ea1acbbf-92b6-443e-b273-466b5e0438f7
fcfbbcb2-f774-4c3e-9b95-0eabee71f339,c5836c46-a3d7-49bc-8c66-82fd5bfef8d4,Intercom,1ca59991-ad78-4004-92bc-bd23590fd12d,81f3199a-7e9f-466a-919a-9bef50071325
fcfbbcb2-f774-4c3e-9b95-0eabee71f339,893ca3a1-9b80-4610-a42d-e5b7acbd9d4c,Subtype,b0ef9956-17f2-4d7f-bff2-ba26a8952c7c,f380b8c8-27dd-4cc6-82f8-2989643d08ee
fcfbbcb2-f774-4c3e-9b95-0eabee71f339,2bad8bd7-392a-4d06-a72a-afc388bfec8a,VolgendeKeuring,9675199f-99ba-40be-b835-78585cd5503e,8cb91343-4e52-4d4b-aece-b088d14ef334
